car_id,year,complaint_id,image_id,audio_id
158,2005,155722.0,16582.0,
364,2011,120114.0,22818.0,
881,2000,73657.0,18861.0,
1103,2004,149747.0,24150.0,
1145,2025,77855.0,21197.0,
1206,2018,120324.0,18591.0,
1583,2018,70862.0,24452.0,
1642,2022,62959.0,27034.0,
1671,2018,8295.0,18487.0,
1725,2022,62669.0,17800.0,
1871,2018,6838.0,22208.0,
2088,2013,8042.0,29577.0,
2359,2014,78763.0,24087.0,
2765,2025,151128.0,18138.0,
2960,2010,70625.0,18137.0,
2969,2000,70641.0,27387.0,
3076,2011,35164.0,,1179.0
3130,2022,120262.0,17486.0,
3328,2024,8180.0,21247.0,
3618,2013,155944.0,26431.0,
3669,2019,120034.0,25722.0,
3824,2018,62642.0,24283.0,
3942,2008,151613.0,24575.0,
4018,2019,140117.0,22031.0,
4509,2001,139872.0,17714.0,
4698,2012,106483.0,29030.0,
4802,2016,79691.0,24910.0,
4995,2025,78152.0,17062.0,
5383,2022,73929.0,24911.0,
5600,2015,57246.0,18365.0,
5688,2004,8252.0,23338.0,
5918,2006,140146.0,20461.0,
5926,2003,35906.0,27415.0,
6204,2012,144417.0,17900.0,
6346,2025,6488.0,21581.0,
7145,2012,156063.0,29394.0,
7453,2016,140247.0,26527.0,
7495,2022,151290.0,27794.0,
8023,2001,62885.0,28384.0,
8331,2015,79182.0,29720.0,
8403,2001,78980.0,24394.0,
8489,2005,155525.0,17097.0,
8506,2016,151150.0,29182.0,
8548,2017,62781.0,16951.0,
8572,2025,140165.0,19831.0,
8690,2012,139952.0,29491.0,
8846,2018,35379.0,25181.0,
9204,2011,106092.0,16726.0,
9216,2001,144376.0,,619.0
9805,2005,151347.0,19004.0,
10324,2022,35145.0,,969.0
10458,2004,73676.0,16377.0,
10943,2023,144618.0,22848.0,
11035,2000,133286.0,17149.0,
11588,2000,149370.0,25256.0,
11589,2003,149348.0,16331.0,
11848,2005,62787.0,18941.0,
11881,2004,35769.0,18583.0,
12070,2021,149319.0,24446.0,
12081,2006,143427.0,18040.0,
12220,2011,144790.0,26720.0,
12419,2019,7857.0,19650.0,
12611,2002,207.0,20988.0,
13041,2007,79991.0,28658.0,
13140,2001,422.0,25995.0,
13181,2024,108891.0,22903.0,
13375,2008,8038.0,20353.0,
13400,2003,143289.0,30083.0,
13404,2015,149355.0,21419.0,
13500,2011,79010.0,23000.0,
13817,2012,108685.0,19103.0,
13827,2003,35130.0,45.0,1050.0
13972,2012,149498.0,24943.0,
14029,2024,36005.0,3889.0,
14065,2008,79605.0,16831.0,
14186,2015,143497.0,25242.0,
14306,2000,62659.0,24809.0,
14640,2005,107507.0,22193.0,
14727,2025,70501.0,26674.0,
14822,2002,106210.0,21388.0,
14823,2007,108909.0,24226.0,
14827,2002,151090.0,16886.0,
14939,2018,139846.0,16916.0,
14986,2014,149314.0,22834.0,
15025,2017,140194.0,25996.0,
15719,2015,107573.0,18768.0,
15723,2013,6879.0,24920.0,
15803,2006,70459.0,22732.0,
15807,2002,7943.0,20661.0,
16015,2022,73949.0,21553.0,
16122,2000,66699.0,22179.0,
16159,2006,156067.0,27340.0,
16160,2008,8280.0,28713.0,
16162,2021,8383.0,26160.0,
16233,2018,63168.0,29162.0,
16447,2011,66437.0,21307.0,
16716,2010,151394.0,18616.0,
16924,2003,144812.0,28171.0,
16970,2018,107603.0,17515.0,
17303,2000,62789.0,19091.0,
17558,2015,80007.0,29965.0,
17844,2001,155998.0,27804.0,
18181,2005,108929.0,29738.0,
18588,2023,6827.0,28003.0,
18753,2021,106068.0,24310.0,
18758,2016,144983.0,27883.0,
18947,2020,7949.0,16714.0,
19367,2024,79532.0,21053.0,
19477,2018,155702.0,20370.0,
19518,2019,106120.0,18811.0,
19714,2025,35670.0,26409.0,
19716,2003,143047.0,19744.0,
19805,2007,35381.0,29543.0,
19999,2011,70533.0,17430.0,
20067,2006,63205.0,25869.0,
20327,2024,7888.0,17732.0,
20672,2008,374.0,20693.0,
20789,2018,66524.0,21000.0,
20820,2023,63556.0,28416.0,
20974,2022,73663.0,17597.0,
21349,2021,106269.0,19607.0,
21452,2025,79443.0,204.0,1125.0
21486,2019,8059.0,27287.0,
21590,2022,107446.0,16245.0,615.0
21792,2012,144412.0,21032.0,
21835,2021,144673.0,26252.0,
21998,2022,105947.0,19533.0,
22359,2015,151570.0,28680.0,
22407,2012,461.0,26522.0,
23046,2009,106232.0,21295.0,
23258,2001,133449.0,22714.0,
23469,2025,119732.0,,1384.0
23777,2015,66573.0,20986.0,
23983,2010,71013.0,27869.0,
24234,2000,35729.0,18097.0,
24265,2016,120035.0,24253.0,
24306,2000,62505.0,18235.0,
24375,2000,66994.0,28562.0,
24386,2016,151377.0,27793.0,
24417,2011,79730.0,19042.0,
24478,2009,105937.0,29585.0,
24512,2006,74235.0,29261.0,
24553,2012,73833.0,20542.0,
24709,2013,120070.0,19956.0,
24942,2004,82.0,17343.0,
25016,2010,140336.0,28994.0,
25205,2021,106398.0,29274.0,
25273,2007,6287.0,17352.0,
25300,2004,108677.0,26463.0,
25303,2010,63332.0,26259.0,
25557,2013,66979.0,20964.0,
25712,2007,8104.0,24067.0,
25984,2025,140335.0,19416.0,
26144,2025,120301.0,26893.0,
26384,2018,143524.0,20036.0,
26418,2024,63611.0,29622.0,
26569,2003,133585.0,22628.0,
26645,2017,6569.0,28502.0,
26659,2008,77900.0,28492.0,
26811,2010,80304.0,5302.0,
26998,2024,77910.0,18541.0,
27419,2024,107672.0,16561.0,
27456,2022,80147.0,29517.0,
27476,2023,8018.0,26543.0,
27779,2001,144897.0,19892.0,
27962,2001,106341.0,22769.0,
28166,2012,7753.0,334.0,113.0
28572,2021,62899.0,21516.0,
28659,2013,70985.0,29469.0,
28781,2002,109609.0,11040.0,
28799,2016,144477.0,24104.0,
28930,2016,57630.0,28547.0,
28938,2009,80176.0,28404.0,
29044,2008,143133.0,28167.0,
29099,2006,77956.0,24711.0,
29179,2010,149837.0,20779.0,
29194,2002,74002.0,23493.0,
29310,2012,108119.0,28394.0,
29329,2009,57221.0,29625.0,
29706,2015,78424.0,22606.0,
29730,2015,35342.0,27517.0,
29735,2008,79543.0,29192.0,
29965,2015,7737.0,302.0,92.0
30033,2001,73960.0,22116.0,
30064,2011,149621.0,17104.0,
30405,2025,70891.0,25363.0,
31106,2003,149873.0,22512.0,
31145,2014,7762.0,,1049.0
31147,2024,149922.0,29387.0,
31602,2024,108308.0,6114.0,
31661,2024,105887.0,16230.0,427.0
31757,2017,8529.0,3833.0,
31898,2005,35170.0,160.0,1131.0
32333,2012,143076.0,18525.0,
32495,2009,78872.0,16782.0,
32573,2005,57191.0,28935.0,
32612,2022,63164.0,26111.0,
32792,2002,149734.0,30121.0,
32819,2024,70795.0,25444.0,
32849,2008,35842.0,28997.0,
33103,2009,133572.0,25691.0,
33483,2017,35236.0,,400.0
33797,2019,139962.0,23757.0,
33922,2010,108041.0,27396.0,
33978,2003,133711.0,20492.0,
33984,2005,446.0,17475.0,
34083,2009,120267.0,23104.0,
34137,2014,73842.0,22236.0,
34156,2006,57601.0,29285.0,
34310,2012,144697.0,27899.0,
34619,2009,66691.0,18606.0,
34834,2013,35217.0,,1229.0
34984,2019,8330.0,28656.0,
35020,2014,107870.0,24948.0,
35132,2024,57056.0,17738.0,
35394,2020,7706.0,,1127.0
35548,2009,63995.0,9569.0,
35604,2008,151283.0,16963.0,
35928,2024,120271.0,28706.0,
36017,2024,155995.0,25089.0,
36087,2012,143599.0,29961.0,
36156,2007,108767.0,16507.0,
36307,2005,149432.0,26124.0,
36734,2014,70468.0,23836.0,
37110,2016,8255.0,25935.0,
37144,2005,78413.0,22214.0,
37253,2023,133692.0,28246.0,
37592,2011,35886.0,29498.0,
37594,2024,133798.0,27889.0,
37613,2002,119997.0,24382.0,
37758,2009,79713.0,17172.0,
37848,2018,107715.0,19049.0,
37875,2007,133801.0,27936.0,
37952,2003,66921.0,25361.0,
37972,2006,7962.0,21193.0,
38117,2013,66461.0,18102.0,
38429,2023,74142.0,29817.0,
38597,2010,119780.0,,1023.0
38766,2005,578.0,25421.0,
39441,2002,79046.0,30075.0,
39520,2021,144730.0,29734.0,
39547,2008,108065.0,22225.0,
39705,2010,66735.0,27048.0,
39769,2020,8271.0,28546.0,
39784,2004,63328.0,22336.0,
39830,2015,120406.0,29884.0,
39935,2012,140407.0,22398.0,
40089,2009,155646.0,21293.0,
40364,2004,144654.0,24913.0,
41023,2020,496.0,23213.0,
41047,2010,155522.0,17941.0,
41120,2001,78825.0,19250.0,
41192,2011,62541.0,25071.0,
41312,2003,143198.0,19815.0,
41350,2021,79630.0,23151.0,
41405,2021,133244.0,17596.0,
41427,2023,155761.0,21798.0,
41632,2025,6259.0,17684.0,
41740,2001,119766.0,,1155.0
41944,2025,74175.0,29323.0,
42039,2008,133981.0,5904.0,
42040,2001,120066.0,19889.0,
42243,2025,149460.0,19128.0,
42462,2016,139843.0,29663.0,
42631,2017,7831.0,24276.0,
43013,2022,139856.0,16554.0,
43152,2003,144542.0,18178.0,
43206,2003,63391.0,25964.0,
43238,2016,143164.0,29969.0,
43406,2017,151360.0,20534.0,
43444,2014,143554.0,29852.0,
43643,2016,151136.0,18842.0,
43665,2006,79236.0,29020.0,
43794,2008,57239.0,23480.0,
43850,2022,78836.0,28686.0,
44171,2021,78838.0,18832.0,
44194,2008,7917.0,29602.0,
44324,2016,151230.0,25766.0,
44353,2010,106277.0,23499.0,
44354,2002,120376.0,25670.0,
44381,2017,140720.0,7926.0,
44499,2024,144546.0,17983.0,
44998,2025,133318.0,18579.0,
45785,2018,144394.0,18994.0,
46157,2003,79927.0,24037.0,
46463,2007,143199.0,27623.0,
46511,2000,109610.0,11048.0,
46562,2020,79776.0,19029.0,
46659,2024,143368.0,29739.0,
46837,2004,35562.0,21840.0,
47069,2011,133686.0,25669.0,
47117,2017,35336.0,24770.0,
47226,2019,78097.0,19315.0,
47505,2019,70994.0,23434.0,
47553,2022,6558.0,21112.0,
47984,2020,105992.0,19879.0,
48054,2000,133397.0,16621.0,
48230,2013,62587.0,27808.0,
48360,2018,7834.0,17937.0,
48395,2011,106215.0,21335.0,
48550,2007,133185.0,19876.0,
48562,2010,109022.0,18482.0,
48597,2000,108006.0,1414.0,
48658,2004,78079.0,18403.0,
48728,2023,77912.0,17011.0,
48759,2019,57378.0,27122.0,
48795,2023,156051.0,26116.0,
49050,2006,133424.0,20818.0,
49237,2000,144593.0,18385.0,
49463,2005,78602.0,16284.0,
49791,2021,149359.0,17614.0,
49849,2012,155552.0,16766.0,
49887,2025,106056.0,26767.0,
50070,2015,149744.0,24400.0,
50431,2019,63301.0,18623.0,
50434,2020,35847.0,29287.0,
50450,2003,105905.0,,536.0
50598,2000,107931.0,29781.0,
50805,2024,151467.0,23729.0,
50857,2008,65.0,18870.0,
50936,2024,120018.0,25879.0,
51115,2006,106348.0,29859.0,
51134,2010,144573.0,25675.0,
51316,2019,155690.0,25747.0,
51563,2008,6388.0,20890.0,
51919,2011,133369.0,16564.0,
51984,2014,35937.0,29263.0,
52147,2007,156113.0,24919.0,
52278,2001,151338.0,25271.0,
52488,2007,143069.0,24774.0,
52702,2000,78244.0,23163.0,
52931,2013,149830.0,20536.0,
53034,2007,143495.0,26324.0,
53134,2005,78880.0,22205.0,
53264,2007,143352.0,25101.0,
53322,2005,107552.0,19634.0,
53360,2000,120005.0,21292.0,
53445,2017,156105.0,29940.0,
53505,2018,151479.0,17181.0,
53639,2022,62708.0,18955.0,
53986,2022,62536.0,17768.0,
54893,2005,151559.0,26170.0,
54955,2017,35384.0,26961.0,
55098,2013,,296.0,855.0
55278,2009,145000.0,29425.0,
55321,2014,106040.0,21221.0,
55660,2021,143092.0,22069.0,
55685,2017,70697.0,18939.0,
55742,2017,108921.0,20163.0,
55922,2019,426.0,21484.0,
56000,2023,108955.0,20949.0,
56045,2018,8080.0,28168.0,
56197,2019,57304.0,27615.0,
56394,2020,120192.0,22690.0,
56435,2001,6845.0,22354.0,
56863,2008,151435.0,26660.0,
56928,2006,105998.0,18924.0,
57047,2014,67005.0,29470.0,
57050,2008,8409.0,27391.0,
57523,2025,107635.0,17982.0,
57528,2013,107537.0,20260.0,
57818,2003,107934.0,29248.0,
57887,2020,6692.0,29948.0,
57892,2020,107851.0,24912.0,
58452,2025,133471.0,23388.0,
58565,2009,7660.0,171.0,1086.0
58593,2024,144576.0,25726.0,
58666,2015,142963.0,,764.0
58902,2002,149867.0,28845.0,
59276,2009,57661.0,29800.0,
59500,2006,7940.0,23204.0,
59539,2017,79446.0,,717.0
59848,2009,8095.0,19288.0,
59986,2005,62729.0,21085.0,
60315,2016,57205.0,18790.0,
60403,2006,109165.0,29963.0,
60408,2016,108516.0,,364.0
60484,2017,119857.0,16338.0,
60557,2008,143385.0,26910.0,
60577,2007,487.0,29904.0,
60979,2025,107509.0,29210.0,
61095,2016,35619.0,23241.0,
61576,2018,6531.0,21398.0,
61841,2004,62901.0,25516.0,
61919,2020,155829.0,28554.0,
62293,2008,106183.0,27264.0,
62577,2011,151426.0,22805.0,
62942,2020,143098.0,25125.0,
63354,2014,155461.0,,816.0
63426,2020,79130.0,26183.0,
63491,2000,12.0,,506.0
63595,2009,79536.0,28143.0,
63638,2004,133345.0,20309.0,
63700,2005,144476.0,22733.0,
63785,2009,199.0,21862.0,
63989,2008,77883.0,16826.0,
64054,2016,78256.0,27187.0,
64107,2018,73798.0,28077.0,
64600,2003,70344.0,17199.0,841.0
64660,2024,144342.0,,560.0
64855,2006,108088.0,23426.0,
65025,2009,106410.0,24165.0,
65119,2007,149350.0,22588.0,
65178,2025,120431.0,28963.0,
65334,2023,6653.0,27072.0,
65362,2025,8032.0,18826.0,
65448,2007,73552.0,17654.0,
65706,2024,70617.0,29219.0,
65790,2016,107997.0,27462.0,
66295,2009,66809.0,24476.0,
66497,2021,140378.0,20801.0,
66517,2010,149597.0,24698.0,
66639,2004,79399.0,65.0,1315.0
66796,2016,78659.0,19408.0,
66959,2018,143216.0,16541.0,
67009,2020,107967.0,19361.0,
67077,2009,151563.0,23577.0,
67332,2015,7810.0,28280.0,
67338,2020,74103.0,27633.0,
67368,2000,7637.0,114.0,80.0
67463,2019,143255.0,19573.0,
67526,2014,144919.0,26123.0,
67759,2020,149692.0,18045.0,
67978,2025,133494.0,20178.0,
68130,2025,79683.0,29833.0,
68162,2023,143545.0,20528.0,
68616,2024,133393.0,22888.0,
69122,2007,108814.0,23033.0,
69362,2013,143492.0,19248.0,
69744,2019,79052.0,28620.0,
69884,2018,151221.0,24835.0,
70211,2013,57674.0,27538.0,
70488,2010,133192.0,18936.0,
70649,2019,78443.0,24567.0,
70797,2008,62994.0,26325.0,
70841,2001,35525.0,18562.0,
71225,2022,73653.0,25328.0,
71291,2004,106042.0,27274.0,
71524,2018,107868.0,24783.0,
71901,2011,139847.0,25280.0,
71902,2004,140362.0,20001.0,
71954,2015,254.0,20310.0,
72055,2004,151509.0,28408.0,
72318,2023,105973.0,28144.0,
72367,2012,70984.0,29006.0,
72576,2023,57134.0,23553.0,
72658,2014,78314.0,24428.0,
72664,2011,63393.0,24564.0,
72738,2001,57461.0,26263.0,
72933,2020,143609.0,24867.0,
73235,2016,66993.0,21887.0,
73288,2024,140104.0,21373.0,
73446,2004,149259.0,,749.0
73473,2002,133697.0,28741.0,
73716,2015,74131.0,29049.0,
73718,2004,78605.0,24071.0,
73750,2013,105903.0,,515.0
73897,2021,500.0,23440.0,
74080,2022,120444.0,30078.0,
74290,2008,106407.0,18684.0,
74387,2003,73639.0,25814.0,
74529,2025,62761.0,21342.0,
74956,2007,35334.0,16675.0,
75009,2023,70993.0,29923.0,
75043,2012,6373.0,20671.0,
75133,2005,143341.0,27923.0,
75176,2007,77975.0,27916.0,
75277,2010,107873.0,29550.0,
75288,2018,79600.0,26031.0,
75389,2018,7683.0,209.0,296.0
75406,2013,151216.0,21575.0,
75593,2013,6226.0,17711.0,
75969,2020,120399.0,29390.0,
76046,2000,140432.0,23424.0,
76176,2007,58147.0,12705.0,
76539,2010,77905.0,23080.0,
76597,2013,151280.0,21509.0,
76830,2016,78725.0,16674.0,
76965,2013,66375.0,,442.0
77026,2022,105956.0,24778.0,
77082,2015,149708.0,28174.0,
77124,2002,139910.0,19065.0,
77412,2000,109256.0,3683.0,
77473,2000,107816.0,20398.0,
77517,2019,108705.0,26700.0,
78005,2017,6608.0,17289.0,
78016,2006,119823.0,17969.0,
78100,2021,73760.0,17504.0,
78153,2010,63511.0,25088.0,
78189,2006,149665.0,21664.0,
78239,2008,63523.0,25292.0,
78324,2019,70375.0,279.0,122.0
78675,2011,143277.0,28327.0,
78722,2002,108561.0,19775.0,
78730,2022,66605.0,26834.0,
78835,2020,57297.0,22366.0,
78879,2016,35176.0,,147.0
79082,2003,149637.0,29992.0,
79226,2004,,91.0,898.0
79582,2002,57428.0,835.0,
79904,2002,109037.0,27741.0,
80353,2012,66399.0,17876.0,
80737,2018,143351.0,22493.0,
81129,2005,151175.0,22586.0,
81170,2015,78998.0,29241.0,
81360,2005,151535.0,26534.0,
81401,2013,144388.0,24596.0,
81730,2017,143409.0,26161.0,
81823,2002,66434.0,27224.0,
81888,2014,36226.0,8730.0,
81960,2013,156035.0,27915.0,
81970,2015,119928.0,24053.0,
82203,2024,79832.0,18763.0,
82204,2009,7638.0,115.0,971.0
82285,2025,66773.0,23220.0,
82498,2002,66820.0,26880.0,
82503,2014,35314.0,16339.0,
83640,2004,6209.0,16665.0,
83732,2021,133783.0,24550.0,
83904,2000,78402.0,27654.0,
83931,2001,79674.0,19568.0,
84044,2000,6198.0,113.0,45.0
84244,2002,67149.0,4465.0,
84398,2004,294.0,27421.0,
84415,2012,106420.0,27736.0,
84591,2012,143343.0,28154.0,
84608,2023,35601.0,24096.0,
84728,2018,143079.0,20723.0,
84779,2023,108851.0,19649.0,
84931,2007,6407.0,26413.0,
85133,2017,184.0,21206.0,
85362,2017,156060.0,29355.0,
85952,2021,119758.0,,1316.0
86181,2011,133817.0,28881.0,
86371,2002,108690.0,19219.0,
86544,2019,57559.0,28908.0,
86572,2007,140092.0,21771.0,
86916,2022,140182.0,17142.0,
87010,2025,144613.0,27483.0,
87064,2000,6634.0,17460.0,
87073,2019,151080.0,,769.0
87076,2014,140006.0,19251.0,
87237,2006,139935.0,23719.0,
87357,2010,35590.0,21577.0,
87384,2010,143279.0,23022.0,
87448,2006,79618.0,17034.0,
87496,2022,66654.0,26965.0,
87545,2014,78527.0,3345.0,
87692,2017,70563.0,28763.0,
87736,2003,144889.0,27251.0,
87826,2025,70550.0,27917.0,
88345,2019,144896.0,30100.0,
88382,2022,73681.0,27495.0,
88450,2012,8193.0,23855.0,
88575,2001,144672.0,21849.0,
88861,2019,106321.0,28790.0,
88875,2010,149772.0,25210.0,
88934,2007,66883.0,18654.0,
89305,2024,63590.0,28148.0,
89476,2001,151072.0,187.0,283.0
89531,2005,144774.0,25830.0,
89551,2005,70883.0,26447.0,
89555,2004,8128.0,21784.0,
89717,2003,57507.0,28631.0,
89724,2014,,15.0,929.0
89911,2011,73986.0,29838.0,
90000,2004,109201.0,29876.0,
90075,2006,70760.0,17259.0,
90216,2008,6205.0,,743.0
90801,2005,106192.0,22849.0,
91037,2023,140121.0,16820.0,
91184,2003,70638.0,19903.0,
91210,2017,151588.0,24084.0,
91525,2019,70428.0,17752.0,
91620,2021,156144.0,28898.0,
91941,2007,6322.0,18493.0,
91967,2014,70947.0,26207.0,
92121,2014,79835.0,22721.0,
92131,2011,6815.0,27324.0,
92239,2003,133495.0,17137.0,
92400,2023,8472.0,28899.0,
92536,2009,133126.0,16902.0,578.0
92621,2001,8867.0,11093.0,
93231,2021,79644.0,19967.0,
93435,2006,73547.0,,1219.0
93505,2021,35702.0,25673.0,
93635,2024,80021.0,24062.0,
93729,2009,66612.0,18387.0,
93902,2013,108634.0,20785.0,
93996,2000,133563.0,23054.0,
94067,2017,70362.0,,123.0
94186,2024,133614.0,29516.0,
94226,2002,108613.0,18750.0,
94363,2019,63235.0,19521.0,
94844,2002,107791.0,24225.0,
95240,2003,6909.0,29038.0,
95342,2025,70762.0,17265.0,
95346,2022,140455.0,28888.0,
95485,2025,107813.0,25058.0,
95654,2004,119933.0,21035.0,
95796,2022,106250.0,19333.0,
95815,2014,151626.0,19202.0,
95988,2005,36179.0,7367.0,
96045,2004,151653.0,19835.0,
96347,2022,7693.0,224.0,1338.0
96665,2022,57300.0,27589.0,
96762,2021,131.0,29617.0,
97010,2023,79104.0,29057.0,
97199,2021,107581.0,22656.0,
97337,2015,62655.0,17148.0,
97355,2011,109209.0,2630.0,
97409,2014,133454.0,19290.0,
97450,2008,70730.0,21191.0,
97507,2005,66850.0,26308.0,
97761,2015,63123.0,27204.0,
97943,2014,108886.0,27170.0,
98094,2009,140273.0,18240.0,
98451,2013,78359.0,30067.0,
98484,2013,70828.0,22854.0,
98622,2018,151200.0,25379.0,
98786,2003,133645.0,25147.0,
98806,2017,57277.0,20637.0,
98950,2014,74130.0,26179.0,
99145,2025,144988.0,28072.0,
99304,2004,70701.0,19828.0,
99319,2018,70754.0,24599.0,
99352,2016,105964.0,21291.0,
99520,2000,63177.0,25342.0,
100246,2020,120162.0,20327.0,
100290,2012,149798.0,19846.0,
100733,2020,108854.0,21015.0,
100853,2005,144692.0,19565.0,
100866,2002,143023.0,16628.0,
101127,2007,63148.0,20296.0,
101203,2010,119695.0,54.0,1290.0
101852,2025,79788.0,28853.0,
102084,2005,66750.0,23256.0,
102534,2007,108956.0,24486.0,
102829,2012,133406.0,29140.0,
102947,2015,77877.0,24245.0,
102953,2004,80145.0,29490.0,
103272,2000,57475.0,26851.0,
103282,2003,119836.0,27971.0,
103314,2004,107661.0,25451.0,
103320,2018,66697.0,24259.0,
103639,2014,139798.0,,454.0
103640,2002,152352.0,13758.0,
103643,2016,8182.0,20155.0,
103765,2021,8403.0,29970.0,
104698,2017,7631.0,102.0,65.0
104872,2007,133667.0,19553.0,
104923,2014,106241.0,16996.0,
104968,2018,79926.0,20812.0,
105344,2023,78885.0,19672.0,
105431,2015,77949.0,26636.0,
105717,2022,62693.0,16494.0,
105999,2023,35865.0,21546.0,
106168,2022,73788.0,26228.0,
106196,2025,57442.0,20894.0,
106265,2006,133156.0,23157.0,
106564,2020,107608.0,23478.0,
106626,2022,78180.0,29520.0,
106748,2005,6495.0,21779.0,
106760,2012,109045.0,27805.0,
106905,2017,149258.0,,721.0
107055,2001,144922.0,20189.0,
107206,2009,78323.0,19110.0,
107493,2011,156088.0,29313.0,
107525,2010,105940.0,25460.0,
107532,2009,157.0,20342.0,
107844,2007,66496.0,28253.0,
108034,2022,155460.0,,240.0
108275,2009,151768.0,28007.0,
108296,2004,70724.0,22515.0,
108345,2009,155814.0,19471.0,
108380,2003,6321.0,28302.0,
108910,2009,141026.0,14143.0,
108986,2003,80013.0,18590.0,
109525,2019,35468.0,28055.0,
109719,2019,6540.0,22878.0,
109737,2003,63057.0,18432.0,
109955,2013,57618.0,20914.0,
110028,2022,133766.0,29604.0,
110047,2025,80151.0,29725.0,
110099,2006,78127.0,19151.0,
110167,2003,108855.0,21629.0,
110206,2015,140188.0,25639.0,
110294,2019,133505.0,20400.0,
110741,2002,63329.0,24092.0,
111082,2005,107460.0,,763.0
111141,2024,144554.0,19500.0,
111151,2006,107539.0,25910.0,
111243,2022,156092.0,29497.0,
111284,2006,139828.0,,540.0
111359,2014,143617.0,27934.0,
111365,2008,139861.0,24315.0,
111385,2018,57605.0,29342.0,
111667,2018,140037.0,27241.0,
111979,2002,35335.0,25484.0,
112139,2021,106401.0,23801.0,
112367,2008,133163.0,22687.0,
112686,2015,62805.0,27079.0,
112786,2008,73733.0,23645.0,
112970,2019,121.0,23113.0,
112984,2023,105916.0,,666.0
113198,2001,63515.0,28117.0,
113202,2013,57326.0,16750.0,
113419,2004,63410.0,24432.0,
113467,2016,57408.0,29041.0,
113582,2011,140084.0,27752.0,
113874,2016,73756.0,25270.0,
114220,2008,79538.0,16369.0,
114354,2001,7847.0,19098.0,
114874,2022,77977.0,27978.0,
114990,2009,209.0,17256.0,
115552,2017,79100.0,25239.0,
115605,2009,133138.0,17853.0,
115772,2005,149683.0,25469.0,
115948,2016,143107.0,17547.0,
115976,2011,36034.0,4446.0,
116193,2015,144685.0,17029.0,
116580,2010,151261.0,24469.0,
116642,2001,107999.0,25615.0,
117018,2003,6499.0,21791.0,
117418,2004,143117.0,21286.0,
117724,2025,78782.0,26733.0,
117774,2024,105926.0,23192.0,
117966,2014,107777.0,25051.0,
118158,2019,140235.0,22597.0,
118202,2023,155537.0,17812.0,
118260,2018,143021.0,16814.0,
118331,2007,133216.0,18724.0,
118413,2001,66515.0,17306.0,
118481,2016,78745.0,18610.0,
118553,2025,79540.0,25818.0,
118626,2004,7840.0,17769.0,
118633,2018,79937.0,21647.0,
118803,2002,7761.0,358.0,1306.0
119002,2009,79897.0,28197.0,
119127,2015,66754.0,25104.0,
119762,2022,133169.0,18514.0,
119851,2018,143272.0,16639.0,
119880,2012,107742.0,19669.0,
119919,2020,140406.0,22372.0,
119931,2006,6440.0,25809.0,
120292,2019,6378.0,20157.0,
120303,2024,63270.0,28668.0,
120317,2000,105981.0,17971.0,
120342,2006,6577.0,17135.0,
120359,2011,6481.0,29552.0,
120712,2004,344.0,18663.0,
121932,2015,66892.0,27586.0,
121945,2021,79092.0,24562.0,
122116,2008,35760.0,18484.0,
122138,2004,119701.0,,194.0
122166,2002,8062.0,22402.0,
122377,2024,149845.0,20916.0,
122399,2017,120284.0,23520.0,
122401,2013,151734.0,29537.0,
122431,2018,80079.0,28287.0,
122878,2025,35380.0,16359.0,
122981,2024,151096.0,21168.0,
122985,2018,73544.0,17609.0,759.0
123050,2018,63069.0,17771.0,
123067,2011,62768.0,16779.0,
123137,2004,57571.0,27051.0,
123305,2002,106031.0,26632.0,
123494,2009,133122.0,18923.0,737.0
123728,2015,78874.0,21998.0,
123805,2016,7932.0,27531.0,
123895,2009,57679.0,28017.0,
124375,2011,79033.0,26041.0,
124413,2002,73728.0,19200.0,
124484,2020,35792.0,24358.0,
124583,2016,144866.0,25135.0,
124733,2018,78727.0,27062.0,
124835,2008,108649.0,24250.0,
125021,2024,106455.0,27150.0,
125180,2022,108703.0,17128.0,
125364,2012,79518.0,16872.0,
126217,2004,57368.0,26077.0,
126349,2001,109135.0,28080.0,
126390,2025,78198.0,26257.0,
126797,2008,78862.0,28641.0,
126809,2002,73725.0,22481.0,
126810,2002,66631.0,28862.0,
127047,2013,120396.0,29198.0,
127228,2011,7652.0,156.0,91.0
127305,2008,57520.0,27228.0,
127548,2007,73892.0,17065.0,
127606,2020,144492.0,29757.0,
127715,2022,107259.0,15917.0,
127905,2009,133386.0,29631.0,
128018,2025,77876.0,17413.0,
128387,2005,57029.0,18534.0,
128572,2022,151562.0,26306.0,
128881,2023,133573.0,26864.0,
128964,2020,140454.0,28733.0,
129223,2015,79498.0,,1217.0
129425,2012,108785.0,25237.0,
129440,2002,78410.0,21908.0,
129531,2011,144990.0,28495.0,
129577,2025,35518.0,26332.0,
129888,2014,133523.0,26356.0,
130043,2001,73661.0,16905.0,
130137,2002,297.0,22458.0,
130624,2016,79632.0,16350.0,
130880,2005,155518.0,21315.0,
131060,2000,149865.0,22216.0,
131114,2022,106036.0,21403.0,
131447,2023,80083.0,26092.0,
131511,2019,35231.0,360.0,1317.0
131926,2025,78282.0,18449.0,
132140,2019,63264.0,20282.0,
132175,2018,485.0,26305.0,
132345,2012,151181.0,22170.0,
132347,2024,35347.0,22128.0,
132357,2014,63453.0,1013.0,
132447,2003,78740.0,18529.0,
132802,2017,63361.0,24075.0,
133016,2009,7836.0,23303.0,
133087,2016,106026.0,27787.0,
133282,2017,79067.0,29943.0,
133449,2022,79740.0,26504.0,
133480,2014,35272.0,16450.0,
133523,2022,133690.0,19988.0,
133524,2015,79015.0,28441.0,
133575,2002,36.0,19767.0,
133762,2021,62819.0,27882.0,
134000,2003,6362.0,26339.0,
134325,2016,636.0,21871.0,
134603,2022,119877.0,18500.0,
134635,2011,143274.0,20427.0,
134746,2004,70970.0,21825.0,
135025,2009,143121.0,26484.0,
135182,2010,120379.0,25842.0,
135702,2014,79397.0,,1097.0
135863,2000,35614.0,22886.0,
136004,2004,133712.0,26226.0,
136041,2007,79.0,25196.0,
136115,2012,105933.0,16917.0,
136240,2016,63643.0,28385.0,
136433,2013,7889.0,21101.0,
136618,2023,78904.0,21989.0,
136672,2011,35319.0,16696.0,
136864,2012,143020.0,17952.0,
136984,2019,155857.0,23911.0,
136996,2014,79445.0,,1124.0
137216,2001,143101.0,16898.0,
137379,2023,35496.0,28953.0,
137741,2016,63038.0,19807.0,
137777,2007,6512.0,24435.0,
137899,2003,35412.0,27668.0,
137918,2004,7997.0,19276.0,
137940,2014,66482.0,21228.0,
137992,2021,601.0,20098.0,
138105,2007,106326.0,29096.0,
138518,2014,7623.0,95.0,76.0
138680,2020,149412.0,23627.0,
138687,2018,79512.0,,1230.0
138728,2010,149781.0,29203.0,
138763,2008,79596.0,23455.0,
139110,2021,107489.0,22953.0,
139324,2008,133736.0,28284.0,
139406,2013,63142.0,21326.0,
139777,2007,108841.0,22180.0,
139836,2016,78831.0,18285.0,
139869,2007,142959.0,,1251.0
139891,2021,6476.0,21126.0,
139949,2023,108746.0,25068.0,
140120,2017,144390.0,17748.0,
140206,2017,155860.0,24657.0,
140217,2014,144442.0,26986.0,
140286,2015,6621.0,29053.0,
140399,2009,105912.0,,714.0
140529,2007,140196.0,20557.0,
140564,2011,57535.0,24146.0,
140621,2016,63300.0,21356.0,
140651,2010,79768.0,18077.0,
140812,2024,62524.0,18521.0,
141189,2019,66681.0,28951.0,
141303,2021,62689.0,24743.0,
141429,2010,74003.0,27471.0,
141430,2005,78810.0,28850.0,
141449,2014,70955.0,20834.0,
141541,2009,63194.0,18611.0,
141745,2022,8258.0,18195.0,
142549,2000,6389.0,24745.0,
142877,2025,8133.0,26236.0,
142935,2010,63506.0,27754.0,
143290,2014,119722.0,,991.0
143333,2013,74096.0,25472.0,
143462,2008,155705.0,25255.0,
143692,2010,119839.0,16592.0,
144003,2004,149653.0,24737.0,
144028,2018,151589.0,18465.0,
144106,2003,143104.0,29727.0,
144202,2004,78089.0,23656.0,
144487,2025,35781.0,27413.0,
144502,2013,6794.0,28875.0,
144538,2011,133792.0,27111.0,
144682,2021,119925.0,20295.0,
144780,2007,120186.0,22584.0,
144797,2000,151296.0,18410.0,
145376,2021,78196.0,20627.0,
146072,2012,569.0,25383.0,
146114,2010,143563.0,27631.0,
146197,2020,143529.0,28622.0,
146399,2005,77808.0,,432.0
146494,2006,78855.0,28290.0,
146898,2011,80032.0,25074.0,
146975,2003,57225.0,26984.0,
147086,2021,57084.0,26930.0,
147398,2005,133743.0,22215.0,
147531,2004,78903.0,21941.0,
147765,2019,35239.0,,139.0
147859,2025,133259.0,22885.0,
147953,2022,151724.0,28645.0,
148044,2024,73751.0,25235.0,
148149,2024,66771.0,23035.0,
148464,2001,144835.0,29277.0,
148578,2024,6835.0,28569.0,
148965,2006,119741.0,252.0,1282.0
149015,2017,151108.0,19210.0,
149033,2021,70952.0,26789.0,
149335,2011,78418.0,22362.0,
149418,2003,74476.0,7797.0,
149659,2025,54.0,18953.0,
149928,2010,57580.0,25659.0,
150115,2001,63263.0,18990.0,
150232,2007,133121.0,,771.0
150248,2019,109187.0,28204.0,
150509,2018,107947.0,18709.0,
150607,2022,106202.0,18617.0,
150993,2009,70591.0,24411.0,
151051,2008,78933.0,27927.0,
151066,2020,70739.0,29224.0,
151240,2006,108616.0,22344.0,
151343,2024,144800.0,26953.0,
151632,2021,108576.0,21668.0,
151661,2016,70515.0,16661.0,
151883,2005,80095.0,26639.0,
152172,2011,107744.0,23146.0,
152522,2008,143139.0,18986.0,
152960,2019,63376.0,23412.0,
152995,2025,108673.0,22767.0,
153245,2011,133540.0,25572.0,
153735,2002,143055.0,25789.0,
154069,2015,187.0,24180.0,
154306,2004,143208.0,18571.0,
154322,2007,35305.0,17650.0,
154332,2023,57072.0,17892.0,
154427,2022,106146.0,19081.0,
154510,2015,143305.0,18841.0,
154550,2022,120019.0,19705.0,
154577,2017,143156.0,17652.0,
154757,2010,133306.0,26367.0,
154830,2007,149735.0,29736.0,
154886,2017,63397.0,21493.0,
154944,2007,107461.0,,458.0
155271,2023,143613.0,26590.0,
155281,2010,35789.0,18706.0,
155325,2014,57148.0,16372.0,
155764,2017,66512.0,25140.0,
155838,2010,155599.0,21245.0,
156347,2000,143056.0,18516.0,
156674,2022,63246.0,19685.0,
156696,2017,155764.0,23387.0,
156940,2012,35814.0,19613.0,
157031,2022,120203.0,24089.0,
157191,2019,144962.0,22563.0,
157474,2010,35832.0,28424.0,
157518,2022,151177.0,23508.0,
157565,2012,70707.0,19232.0,
157861,2021,57030.0,30068.0,
157962,2016,78103.0,24491.0,
158250,2025,120302.0,29069.0,
158342,2008,35350.0,20459.0,
158394,2014,120109.0,20664.0,
158423,2008,73859.0,25904.0,
158639,2025,35481.0,24656.0,
158658,2024,107738.0,24047.0,
158677,2018,80005.0,24127.0,
158778,2007,188.0,17127.0,
158947,2012,62798.0,22309.0,
159174,2022,63019.0,,484.0
159412,2017,63458.0,26163.0,
159557,2021,73768.0,26275.0,
159561,2003,107832.0,25978.0,
159584,2000,120256.0,17470.0,
159650,2021,79109.0,26959.0,
159775,2006,151323.0,18572.0,
159797,2021,381.0,27502.0,
159824,2004,133513.0,23983.0,
159952,2024,106128.0,28934.0,
160198,2009,183.0,19532.0,
160309,2015,106204.0,30112.0,
160320,2009,139813.0,,210.0
160593,2008,78366.0,25760.0,
160744,2011,63268.0,26507.0,
160817,2025,143361.0,17132.0,
160908,2003,143141.0,16713.0,
161348,2012,144806.0,18082.0,
161432,2000,106127.0,19505.0,
161539,2006,149430.0,23867.0,
161654,2001,62878.0,24304.0,
161835,2013,66813.0,22094.0,
161927,2020,63569.0,20551.0,
162110,2004,6786.0,20021.0,
162143,2000,151219.0,18846.0,
162468,2021,143293.0,29559.0,
162495,2015,57552.0,26371.0,
162692,2006,106046.0,16361.0,
162774,2006,144836.0,29933.0,
163109,2006,151077.0,300.0,273.0
163126,2019,6734.0,25608.0,
163441,2011,378.0,17066.0,
163849,2023,144640.0,642.0,
164454,2016,62704.0,25796.0,
164506,2021,119865.0,23785.0,
164518,2016,79603.0,26024.0,
164591,2016,62957.0,23987.0,
164635,2009,57011.0,,350.0
164670,2018,120453.0,24544.0,
164688,2006,156025.0,25574.0,
164817,2003,155751.0,22823.0,
165234,2016,70374.0,,148.0
165515,2023,60.0,21056.0,
165541,2010,63519.0,25192.0,
165545,2016,70412.0,28805.0,
165703,2003,74108.0,19937.0,
166164,2003,139867.0,22648.0,
166183,2005,57282.0,27083.0,
166344,2009,73595.0,19724.0,
166352,2001,35744.0,23020.0,
166378,2017,106006.0,19017.0,
166390,2012,71278.0,7875.0,
166484,2012,62903.0,17452.0,
166510,2000,151093.0,24294.0,
166786,2023,659.0,29839.0,
166829,2000,71459.0,11616.0,
167431,2004,77971.0,26076.0,
168099,2014,77885.0,18997.0,
168251,2022,106238.0,22708.0,
168417,2023,108784.0,18007.0,
168690,2015,120144.0,19663.0,
168711,2002,71357.0,9682.0,
168828,2006,144759.0,28678.0,
168934,2013,70813.0,18120.0,
169029,2009,35281.0,16265.0,
169550,2012,43.0,17790.0,
169649,2003,144810.0,18206.0,
169694,2005,107475.0,19157.0,
169767,2002,133562.0,23049.0,
169800,2002,108540.0,,648.0
169837,2016,70796.0,25457.0,
169846,2015,79627.0,22640.0,
170044,2003,144651.0,16799.0,
170141,2018,140135.0,21397.0,
170249,2005,74127.0,26105.0,
170250,2017,66930.0,26997.0,
170290,2021,151227.0,20609.0,
170325,2008,108777.0,17554.0,
170741,2014,78663.0,26550.0,
170805,2002,149405.0,17615.0,
171243,2000,7916.0,22162.0,
171268,2008,80030.0,25028.0,
171387,2018,149612.0,23706.0,
171420,2007,79995.0,28814.0,
171555,2025,78982.0,26520.0,
171753,2022,78835.0,27308.0,
171947,2003,108682.0,27881.0,
172062,2008,107644.0,27901.0,
172740,2021,73645.0,24247.0,
172787,2023,140272.0,18239.0,
173000,2021,78386.0,26849.0,
173007,2005,133115.0,,595.0
173128,2024,369.0,22034.0,
173208,2011,70666.0,21994.0,
173226,2012,74017.0,23705.0,
173619,2007,74057.0,18740.0,
173698,2021,77969.0,21758.0,
173708,2023,507.0,24134.0,
173931,2021,57578.0,19872.0,
174174,2018,133794.0,27490.0,
174192,2002,35471.0,18993.0,
174248,2017,108957.0,22090.0,
174302,2008,149240.0,142.0,2.0
174317,2024,80318.0,5620.0,
174613,2011,7854.0,22007.0,
174864,2015,7659.0,,334.0
174913,2024,140308.0,27606.0,
174938,2014,151325.0,19598.0,
174992,2019,119712.0,,1055.0
175072,2012,120014.0,17799.0,
175379,2014,8283.0,26891.0,
175405,2013,7839.0,18024.0,
175689,2009,79851.0,16966.0,
175759,2016,57376.0,19291.0,
175871,2000,78800.0,19588.0,
175914,2019,7767.0,372.0,106.0
175957,2024,74094.0,25412.0,
176170,2002,140198.0,24672.0,
176399,2013,70553.0,21460.0,
176409,2005,66640.0,18006.0,
176519,2008,7996.0,18030.0,
176711,2013,178.0,20654.0,
176949,2021,73987.0,17571.0,
176998,2002,133170.0,21474.0,
177031,2019,70495.0,22692.0,
177269,2004,140072.0,19567.0,
177281,2014,57327.0,24211.0,
177386,2013,106364.0,22625.0,
177583,2007,109153.0,22506.0,
177649,2012,35411.0,19855.0,
177664,2020,66453.0,17726.0,
177741,2009,57351.0,24840.0,
177748,2015,434.0,24594.0,
178126,2018,151573.0,23218.0,
178749,2016,151155.0,18025.0,
178893,2010,139817.0,250.0,291.0
178898,2011,63049.0,17805.0,
178972,2019,62662.0,29255.0,
178975,2012,155671.0,23018.0,
179051,2000,106292.0,17163.0,
179398,2024,57707.0,29523.0,
179619,2023,143235.0,20567.0,
179621,2021,133584.0,23519.0,
179807,2025,106151.0,18022.0,
180333,2000,,239.0,853.0
180610,2020,155575.0,24831.0,
180756,2019,8288.0,26895.0,
181020,2022,143070.0,21277.0,
181156,2005,7903.0,24559.0,
181351,2015,7966.0,17896.0,
181690,2020,149662.0,21621.0,
181823,2024,139938.0,16632.0,
181853,2014,7776.0,,1287.0
181862,2009,63565.0,20486.0,
182008,2004,140370.0,28637.0,
182073,2002,70573.0,27036.0,
182288,2016,62513.0,27800.0,
182300,2003,105944.0,19099.0,
182422,2020,8332.0,28685.0,
182490,2002,80150.0,29677.0,
182544,2021,73575.0,18046.0,
182599,2012,149437.0,21143.0,
182747,2018,62553.0,17835.0,
182822,2025,143576.0,28795.0,
182869,2011,36021.0,4264.0,
183053,2006,77781.0,,590.0
183688,2000,155720.0,19307.0,
184193,2018,108653.0,28525.0,
184194,2012,119814.0,17685.0,
184209,2006,78619.0,21167.0,
184370,2024,108837.0,30015.0,
184736,2003,70806.0,22456.0,
184781,2002,79060.0,18436.0,
184875,2006,79700.0,17629.0,
184905,2009,155929.0,27590.0,
185099,2015,142987.0,16935.0,
185155,2017,57285.0,18413.0,
185197,2007,8074.0,20071.0,
185221,2004,117.0,16330.0,
185760,2023,78275.0,23188.0,
186014,2004,120012.0,20037.0,
186050,2021,80073.0,19943.0,
186391,2003,149277.0,16692.0,
186868,2021,62526.0,16577.0,
187504,2010,63600.0,22559.0,
187554,2005,144571.0,28584.0,
187586,2004,78440.0,23658.0,
187587,2005,149416.0,16384.0,
187841,2017,67009.0,22797.0,
187867,2023,7944.0,23318.0,
188020,2018,520.0,30094.0,
188072,2003,151485.0,21494.0,
188156,2007,57514.0,23409.0,
188330,2021,70723.0,23335.0,
188358,2011,125.0,19473.0,
188392,2011,155477.0,16809.0,185.0
188444,2001,108061.0,28563.0,
188679,2017,79910.0,25744.0,
188759,2006,62980.0,18705.0,
188765,2016,133440.0,21280.0,
188848,2011,109163.0,29834.0,
188899,2010,35327.0,16663.0,
189185,2005,6681.0,28864.0,
189365,2008,78581.0,,425.0
189552,2003,74223.0,28391.0,
189709,2011,151186.0,23308.0,
190117,2004,78369.0,28234.0,
190125,2020,35203.0,,1077.0
190186,2005,106372.0,28340.0,
190260,2009,356.0,20151.0,
190279,2011,71067.0,3168.0,
190416,2015,436.0,25498.0,
190510,2000,155620.0,16706.0,
190917,2014,36481.0,14059.0,
190975,2001,57604.0,26389.0,
191397,2007,66967.0,29453.0,
191515,2001,133677.0,25601.0,
191708,2010,144396.0,20877.0,
191861,2012,35252.0,,1345.0
192035,2003,133598.0,26679.0,
192128,2008,35644.0,17154.0,
192154,2006,6281.0,23750.0,
192262,2016,144585.0,26130.0,
192500,2017,151210.0,19575.0,
192523,2010,155729.0,16597.0,
192820,2011,106242.0,22776.0,
193181,2016,149759.0,18746.0,
193184,2006,133144.0,24262.0,
193214,2004,29.0,24141.0,
193342,2015,151454.0,21105.0,
193480,2009,120045.0,23901.0,
193826,2001,77999.0,26763.0,
193878,2006,139830.0,,500.0
193914,2018,63147.0,24385.0,
194020,2006,66638.0,25848.0,
194485,2007,66464.0,18508.0,
194792,2002,35594.0,23996.0,
194871,2013,106316.0,27939.0,
194978,2016,108563.0,17386.0,
195014,2020,78975.0,26309.0,
195204,2006,133541.0,24720.0,
195555,2015,73988.0,28605.0,
195594,2005,57252.0,26512.0,
195625,2002,688.0,27980.0,
195998,2019,108859.0,21672.0,
196355,2022,7937.0,18314.0,
196512,2021,80142.0,29365.0,
196753,2001,70681.0,22073.0,
196817,2022,35182.0,183.0,598.0
196896,2007,8257.0,18130.0,
196904,2009,79952.0,26430.0,
197205,2019,6365.0,26438.0,
197470,2005,66757.0,23501.0,
197484,2001,109027.0,29986.0,
197660,2007,79959.0,26599.0,
197697,2025,70624.0,27258.0,
197790,2022,79557.0,20135.0,
197866,2002,133480.0,28988.0,
198051,2023,73770.0,19599.0,
198186,2015,120200.0,21260.0,
198244,2022,144742.0,23914.0,
198972,2006,79989.0,22927.0,
199049,2017,79115.0,30129.0,
199115,2000,149729.0,29331.0,
199187,2005,149241.0,,395.0
199262,2004,106059.0,20760.0,
199461,2014,79490.0,335.0,1105.0
199476,2012,8317.0,27620.0,
199682,2007,62853.0,21268.0,
199776,2017,144471.0,19023.0,
199936,2007,79741.0,29332.0,
199945,2009,366.0,26299.0,
200205,2017,151740.0,22946.0,
200226,2004,78018.0,19861.0,
200339,2004,80093.0,29256.0,
200371,2003,73744.0,24038.0,
200693,2015,35894.0,23345.0,
201046,2004,143595.0,23173.0,
201123,2025,78293.0,29581.0,
201218,2012,78977.0,27655.0,
201337,2025,108936.0,24592.0,
201520,2014,155674.0,25403.0,
201521,2007,119768.0,327.0,1126.0
202070,2007,35742.0,23917.0,
202175,2017,149340.0,20344.0,
202395,2010,57383.0,22951.0,
202483,2022,8184.0,24636.0,
202537,2023,108054.0,28147.0,
202619,2004,8473.0,28907.0,
202697,2010,6433.0,29902.0,
202882,2001,108827.0,28255.0,
202937,2011,6513.0,19367.0,
202939,2021,62758.0,23720.0,
203001,2012,8248.0,22460.0,
203105,2012,79849.0,23533.0,
203697,2004,156071.0,27482.0,
203778,2006,108704.0,30120.0,
203823,2018,155915.0,22432.0,
203901,2022,133514.0,20583.0,
203903,2011,35875.0,22238.0,
203959,2017,156097.0,22945.0,
203997,2025,79509.0,,1106.0
204364,2009,144432.0,21136.0,
204753,2010,79531.0,17464.0,
204759,2002,,359.0,907.0
204918,2023,6470.0,19733.0,
205025,2002,6612.0,17316.0,
205097,2023,108033.0,20624.0,
205165,2023,143073.0,19208.0,
205202,2012,73504.0,,1275.0
205313,2019,118.0,22261.0,
205495,2024,149570.0,20885.0,
205571,2009,133222.0,24734.0,
205709,2009,63179.0,28320.0,
206992,2007,149567.0,24652.0,
207133,2024,8671.0,7273.0,
207292,2005,79980.0,22745.0,
207672,2000,74162.0,21889.0,
207720,2020,108753.0,27082.0,
208235,2020,57366.0,26054.0,
208311,2006,144794.0,23159.0,
208361,2009,63195.0,17459.0,
208450,2013,63101.0,19171.0,
208570,2009,106000.0,24183.0,
208575,2003,107686.0,16586.0,
208602,2016,77789.0,,705.0
208696,2003,144091.0,11783.0,
208800,2024,143435.0,27464.0,
209046,2022,140284.0,27093.0,
209175,2021,62480.0,47.0,0.0
209699,2020,151304.0,17260.0,
209731,2003,73696.0,17729.0,
209782,2021,107838.0,24650.0,
210082,2008,156149.0,29201.0,
210264,2001,143373.0,29987.0,
210330,2019,6458.0,25602.0,
210379,2017,62889.0,21012.0,
210421,2013,149588.0,22189.0,
210630,2015,119724.0,178.0,1368.0
211093,2016,139958.0,27347.0,
211111,2016,107935.0,23652.0,
211250,2003,140255.0,28743.0,
211271,2025,78879.0,18728.0,
211419,2019,106342.0,22244.0,
211608,2013,149634.0,23242.0,
211754,2017,149736.0,23800.0,
211765,2012,143180.0,26321.0,
211824,2009,78259.0,27392.0,
211947,2000,35587.0,19760.0,
211971,2001,6588.0,23731.0,
212028,2003,57584.0,25780.0,
212053,2016,66844.0,23530.0,
212066,2015,7780.0,410.0,117.0
212231,2019,107492.0,23115.0,
212317,2011,66661.0,16606.0,
212392,2011,73997.0,26962.0,
212690,2011,78022.0,19742.0,
212750,2004,6752.0,26723.0,
212835,2003,78866.0,21950.0,
212905,2003,62757.0,16649.0,
213049,2021,119847.0,22044.0,
213341,2019,151393.0,30079.0,
213412,2008,143015.0,17442.0,
213471,2010,133814.0,28611.0,
213690,2012,63428.0,17478.0,
213720,2011,62833.0,28097.0,
214145,2021,107536.0,23381.0,
214224,2009,149906.0,28188.0,
214344,2003,140357.0,1422.0,
214494,2014,106017.0,29697.0,
214831,2004,106409.0,24632.0,
214837,2003,108567.0,25714.0,
214882,2004,79393.0,,662.0
214905,2017,73621.0,16317.0,
214954,2015,108545.0,18674.0,1272.0
215079,2003,8437.0,23411.0,
215088,2022,57274.0,18008.0,
215106,2019,70491.0,26443.0,
215531,2008,106099.0,25479.0,
215662,2023,151788.0,29293.0,
215951,2006,78716.0,21327.0,
216029,2017,6546.0,22200.0,
216142,2016,156513.0,9552.0,
216432,2012,106180.0,20663.0,
216443,2008,62624.0,17340.0,
216454,2017,133260.0,26751.0,
216669,2003,57075.0,20103.0,
216687,2000,79635.0,26425.0,
216730,2007,66626.0,21409.0,
217006,2016,143453.0,26963.0,
217201,2008,6371.0,27477.0,
217271,2009,70996.0,23436.0,
217378,2016,74009.0,26238.0,
217431,2007,74026.0,28917.0,
217442,2004,8364.0,28228.0,
217460,2012,144527.0,19918.0,
218011,2021,106203.0,29917.0,
218068,2015,62660.0,24647.0,
218166,2002,63190.0,20660.0,
218378,2001,66634.0,25127.0,
218554,2025,107601.0,28835.0,
218595,2011,144717.0,24525.0,
218629,2002,79220.0,28020.0,
219041,2018,144861.0,24403.0,
219200,2025,107995.0,30091.0,
219582,2014,120084.0,20923.0,
219619,2021,143494.0,25159.0,
220029,2024,108695.0,23234.0,
220040,2009,78784.0,19492.0,
220130,2012,62937.0,23470.0,
220170,2024,35846.0,29258.0,
220202,2024,6549.0,24814.0,
220302,2016,63324.0,23597.0,
220319,2006,140053.0,22393.0,
220413,2004,57441.0,17295.0,
220506,2003,79431.0,146.0,1140.0
220732,2021,35386.0,29880.0,
220940,2025,74049.0,27417.0,
221248,2022,155647.0,20990.0,
221262,2020,78972.0,20806.0,
221569,2012,73587.0,18682.0,
221610,2021,120261.0,25915.0,
221619,2007,133299.0,23971.0,
221724,2004,62539.0,19100.0,
221758,2016,151168.0,20974.0,
221784,2006,105910.0,304.0,50.0
221999,2017,6525.0,16959.0,
222059,2007,119838.0,16259.0,
222078,2023,63426.0,21877.0,
222104,2007,63488.0,23895.0,
222123,2008,73671.0,23511.0,
222189,2002,106080.0,25829.0,
222233,2008,78959.0,29675.0,
222273,2011,78739.0,17705.0,
223127,2022,8419.0,22210.0,
223203,2024,78066.0,27657.0,
223321,2009,62985.0,18739.0,
223380,2016,73827.0,22067.0,
223739,2016,6288.0,18517.0,
223817,2021,106406.0,24578.0,
224137,2022,107754.0,16972.0,
224293,2012,106254.0,22274.0,
224349,2022,142976.0,263.0,258.0
224667,2014,399.0,25405.0,
224671,2014,79652.0,18895.0,
224866,2016,7853.0,19554.0,
224944,2012,8124.0,19184.0,
225057,2003,140319.0,25065.0,
225189,2003,143084.0,26142.0,
225251,2005,133188.0,24826.0,
225426,2000,106224.0,23460.0,
225475,2009,36517.0,14912.0,
225570,2010,109019.0,23340.0,
226286,2012,73764.0,16522.0,
226547,2005,149392.0,20430.0,
226722,2006,70588.0,28865.0,
226822,2011,63186.0,16382.0,
227145,2004,57545.0,19132.0,
227205,2013,7885.0,21121.0,
227264,2008,151473.0,25621.0,
227551,2004,155663.0,23753.0,
227975,2012,80758.0,14997.0,
228185,2005,108858.0,19667.0,
228188,2009,144953.0,28959.0,
228386,2009,149551.0,18472.0,
228441,2010,70556.0,28989.0,
228496,2021,108969.0,21895.0,
228585,2009,139795.0,,255.0
229056,2006,63568.0,20523.0,
229097,2002,78902.0,22435.0,
229125,2008,133327.0,28846.0,
229262,2001,78971.0,24023.0,
229632,2001,106130.0,16506.0,
229638,2007,106331.0,21660.0,
229663,2019,149357.0,21814.0,
229773,2006,144816.0,18248.0,
229839,2006,107646.0,24074.0,
229933,2023,35812.0,26975.0,
230137,2003,133629.0,24356.0,
230245,2006,80058.0,25376.0,
230253,2015,144350.0,,204.0
230254,2016,78351.0,27163.0,
230285,2013,107544.0,22969.0,
230329,2019,7870.0,20706.0,
230338,2017,107708.0,28643.0,
230736,2010,62963.0,18481.0,
230802,2005,151601.0,18559.0,
230922,2014,70804.0,25559.0,
230991,2000,8378.0,28839.0,
231063,2003,133111.0,225.0,326.0
231105,2005,73978.0,25014.0,
231127,2007,108844.0,22564.0,
231272,2021,35352.0,21064.0,
231511,2021,155526.0,19704.0,
231808,2015,149289.0,26903.0,
231812,2014,80031.0,24824.0,
231868,2020,63334.0,17001.0,
231900,2022,78952.0,20181.0,
232399,2024,149762.0,27733.0,
232698,2020,35142.0,,1205.0
232769,2013,78254.0,25890.0,
232805,2023,144771.0,17395.0,
233407,2019,66762.0,22755.0,
233668,2023,149298.0,18548.0,
233871,2015,63018.0,23165.0,538.0
233906,2012,73588.0,28667.0,
234001,2014,7958.0,18816.0,
234140,2024,6294.0,24441.0,
234410,2013,133269.0,21088.0,
234434,2023,57334.0,19370.0,
234843,2009,57440.0,22035.0,
234901,2013,35728.0,23374.0,
234918,2021,120091.0,21065.0,
235151,2014,155707.0,20895.0,
235393,2020,35606.0,20334.0,
235506,2008,35429.0,25015.0,
235517,2025,144661.0,22301.0,
235525,2015,8151.0,27050.0,
235884,2003,78802.0,20377.0,
236269,2010,108813.0,20070.0,
236307,2007,149448.0,25973.0,
236357,2016,78628.0,19196.0,
236379,2022,70393.0,16575.0,
236689,2019,6808.0,29448.0,
237058,2014,139815.0,,1211.0
237238,2004,120316.0,27215.0,
237456,2020,79688.0,19486.0,
237623,2007,70572.0,29102.0,
237694,2013,57164.0,19077.0,
238123,2007,79073.0,18628.0,
238237,2013,35355.0,18776.0,
238605,2020,107590.0,21470.0,
238735,2018,66733.0,26950.0,
238760,2020,79742.0,19583.0,
238818,2020,133542.0,17458.0,
239316,2001,119891.0,21450.0,
239328,2016,108916.0,29372.0,
239372,2002,78136.0,19223.0,
239484,2017,74209.0,27875.0,
239489,2016,63622.0,2007.0,
239655,2014,74020.0,18295.0,
239745,2006,456.0,21983.0,
239887,2018,73763.0,27591.0,
239961,2020,155887.0,22335.0,
240089,2010,63275.0,19659.0,
240244,2025,63125.0,22658.0,
240252,2001,156070.0,20937.0,
240493,2000,63319.0,22361.0,
240566,2016,70577.0,25048.0,
240578,2019,140007.0,19787.0,
240978,2008,140162.0,27960.0,
241194,2001,143356.0,22599.0,
241244,2011,36284.0,9986.0,
241309,2001,79494.0,,1254.0
241350,2000,119931.0,20303.0,
241361,2005,7807.0,19212.0,
242461,2024,144639.0,20546.0,
242912,2003,120037.0,19802.0,
242952,2006,143130.0,22651.0,
243045,2023,106447.0,19455.0,
243174,2018,73565.0,21674.0,
243377,2018,63644.0,28503.0,
243519,2018,6319.0,28377.0,
243605,2025,140091.0,23445.0,
243744,2002,66366.0,72.0,320.0
243802,2015,120013.0,18872.0,
244355,2007,57425.0,24500.0,
244430,2025,57062.0,25609.0,
244637,2025,109038.0,24587.0,
244700,2006,142975.0,,1224.0
244775,2021,108960.0,25316.0,
244798,2013,63089.0,29506.0,
244812,2002,50.0,18274.0,
244926,2020,7990.0,26545.0,
245235,2009,107570.0,21431.0,
245743,2011,79641.0,26915.0,
245823,2007,7833.0,26108.0,
246159,2016,196.0,16397.0,
246205,2002,109177.0,27844.0,
246336,2003,35410.0,20657.0,
246389,2021,119794.0,,1335.0
246520,2007,574.0,19602.0,
246721,2018,133326.0,18814.0,
246735,2014,144340.0,,604.0
246793,2013,133656.0,28575.0,
246819,2015,57095.0,19816.0,
246982,2004,35215.0,,747.0
247672,2023,,390.0,877.0
247865,2014,108053.0,21741.0,
248055,2002,151197.0,19629.0,
248158,2009,151233.0,28800.0,
248195,2019,57158.0,27771.0,
248243,2009,133261.0,29350.0,
248304,2011,107494.0,18802.0,
248642,2003,143591.0,29658.0,
248870,2025,140.0,22153.0,
249041,2016,66782.0,21425.0,
249763,2014,78803.0,20066.0,
249849,2016,63450.0,18094.0,
249917,2025,108116.0,28267.0,
250139,2002,70916.0,19942.0,
250235,2007,79430.0,,1084.0
250238,2020,151714.0,28323.0,
250337,2012,66913.0,25227.0,
250595,2011,79566.0,25590.0,
250726,2012,8249.0,26951.0,
250866,2023,155875.0,21510.0,
250931,2015,57232.0,17273.0,
251271,2002,151540.0,17566.0,
251344,2019,6446.0,22100.0,
251627,2011,151623.0,25106.0,
251680,2017,106554.0,27930.0,
251701,2011,6805.0,29341.0,
251737,2016,149263.0,17709.0,
251925,2004,106039.0,25301.0,
252028,2024,73813.0,28965.0,
252040,2009,78276.0,26740.0,
252096,2022,149857.0,28331.0,
252173,2015,63288.0,28944.0,
252316,2017,119797.0,,1167.0
252348,2006,78599.0,,335.0
252403,2018,107867.0,27037.0,
252410,2010,139968.0,24845.0,
252647,2021,133129.0,,1221.0
252807,2007,57278.0,19214.0,
252917,2021,133353.0,20379.0,
252929,2001,105972.0,24072.0,
252947,2023,140041.0,22098.0,
252966,2006,108129.0,29165.0,
253216,2013,63331.0,16998.0,
253481,2013,66545.0,18163.0,
253611,2023,62770.0,20611.0,
253693,2004,133466.0,23177.0,
253735,2024,79069.0,23740.0,
254135,2002,151652.0,19833.0,
254150,2011,119734.0,217.0,1009.0
254239,2003,70721.0,22735.0,
254417,2017,63343.0,20712.0,
254542,2013,6255.0,20138.0,
254757,2022,415.0,25901.0,
254780,2015,133548.0,29382.0,
254930,2011,155941.0,29913.0,
254996,2018,133132.0,,231.0
255003,2017,66859.0,29004.0,
255095,2019,108537.0,,828.0
255172,2011,8476.0,2425.0,
255291,2006,107691.0,22649.0,
255691,2025,144963.0,29610.0,
255914,2021,105995.0,29634.0,
256140,2017,66381.0,,628.0
256221,2024,35265.0,17333.0,
256239,2008,78094.0,23673.0,
256407,2014,79202.0,24572.0,
256454,2000,108906.0,22960.0,
256530,2000,74515.0,8497.0,
256716,2015,119941.0,20356.0,
256859,2008,63113.0,25162.0,
257306,2018,79546.0,26631.0,
257309,2008,35293.0,22581.0,
257346,2014,6302.0,20249.0,
257395,2015,7757.0,349.0,1139.0
257705,2022,62567.0,17820.0,
257779,2024,78115.0,21508.0,
257853,2009,120300.0,28693.0,
257864,2002,139889.0,24932.0,
258016,2024,78273.0,18266.0,
258132,2016,78924.0,17058.0,
258251,2008,142983.0,,202.0
258295,2007,35647.0,29715.0,
258587,2003,35864.0,21362.0,
259189,2014,151584.0,27088.0,
259211,2011,145328.0,8990.0,
259282,2025,63139.0,24724.0,
259370,2009,71012.0,27865.0,
259470,2019,340.0,20649.0,
259497,2008,78387.0,26949.0,
259661,2024,152111.0,9084.0,
259837,2005,66385.0,,795.0
259953,2003,108687.0,16920.0,
260072,2008,8768.0,9059.0,
260075,2025,63438.0,26757.0,
260297,2010,140271.0,26361.0,
260612,2004,7594.0,,1042.0
260701,2009,71523.0,13068.0,
260908,2019,151635.0,25283.0,
261010,2003,78630.0,18967.0,
261258,2000,120245.0,26843.0,
261328,2002,78126.0,19827.0,
261409,2008,149322.0,23764.0,
261428,2008,70585.0,25617.0,
261464,2014,63122.0,18325.0,
261934,2004,35439.0,18894.0,
262043,2022,143436.0,28027.0,
262163,2017,133491.0,17133.0,
262227,2021,73688.0,18312.0,
262237,2023,106318.0,28100.0,
262425,2002,107896.0,23373.0,
262603,2009,151109.0,16208.0,
262749,2006,78678.0,28523.0,
262820,2016,70596.0,25302.0,
262876,2015,73864.0,21744.0,
263065,2017,78013.0,25583.0,
263353,2000,120134.0,18613.0,
263558,2013,62918.0,26491.0,
263659,2001,119921.0,26233.0,
263701,2002,7709.0,16682.0,157.0
263821,2007,133662.0,25341.0,
263865,2013,107753.0,24937.0,
263870,2025,149255.0,,478.0
263873,2008,108609.0,19710.0,
263881,2008,79689.0,19487.0,
263997,2024,77787.0,21.0,285.0
264529,2012,133501.0,29296.0,
264568,2014,144805.0,18044.0,
264771,2023,149599.0,24716.0,
264876,2003,139833.0,17056.0,1258.0
264948,2018,144766.0,25489.0,
265069,2020,108000.0,27479.0,
265240,2000,119707.0,,1328.0
265354,2007,70637.0,27458.0,
265691,2014,80078.0,20006.0,
265731,2001,6526.0,19780.0,
265764,2007,106290.0,29633.0,
265815,2003,149881.0,29609.0,
265866,2005,119896.0,16737.0,
266300,2024,149281.0,23074.0,
266608,2015,120429.0,28949.0,
266630,2003,6338.0,16521.0,
266632,2024,151786.0,29185.0,
266672,2008,62523.0,23591.0,
266863,2025,156101.0,29788.0,
266872,2021,120164.0,21797.0,
266966,2009,142955.0,,226.0
267040,2013,78302.0,18669.0,
267218,2007,63245.0,28530.0,
267364,2017,66578.0,23927.0,
267440,2004,8398.0,27162.0,
267727,2012,151528.0,22647.0,
267743,2002,8460.0,28013.0,
267900,2015,35125.0,24.0,1353.0
267996,2012,70820.0,29166.0,
268041,2020,108775.0,26666.0,
268126,2017,70743.0,20177.0,
268801,2004,139790.0,16241.0,217.0
268894,2007,108579.0,17331.0,
268914,2010,151571.0,18381.0,
269019,2025,35524.0,22418.0,
269298,2009,149786.0,19482.0,
269330,2017,6313.0,26013.0,
269477,2001,70519.0,22840.0,
269590,2018,77936.0,21591.0,
269643,2025,106353.0,23200.0,
269788,2014,119935.0,24584.0,
269961,2012,108618.0,16731.0,
270006,2021,8382.0,20182.0,
270126,2006,78178.0,25616.0,
270298,2013,106441.0,19426.0,
270349,2015,35407.0,22736.0,
270433,2003,143598.0,29796.0,
270454,2015,106276.0,25218.0,
270493,2009,143320.0,23920.0,
270511,2004,149535.0,29188.0,
270565,2003,62525.0,23203.0,
270739,2014,57053.0,22188.0,
270806,2004,79749.0,26913.0,
270913,2005,79876.0,23193.0,
270992,2025,120226.0,20759.0,
271039,2025,63578.0,29984.0,
271144,2005,35657.0,30056.0,
271171,2015,78729.0,22722.0,
271194,2020,120055.0,19527.0,
271382,2012,62559.0,16434.0,
271760,2024,155989.0,24366.0,
272047,2011,144496.0,17053.0,
272221,2014,6438.0,24992.0,
272247,2006,57635.0,22399.0,
272518,2005,6227.0,18424.0,
272538,2022,63228.0,26835.0,
272594,2008,267.0,25447.0,
272815,2004,70390.0,,168.0
273263,2013,119864.0,17747.0,
273318,2018,35324.0,21713.0,
273427,2008,8434.0,29718.0,
273479,2000,70544.0,24849.0,
273697,2008,144700.0,22556.0,
274110,2007,151736.0,29621.0,
274131,2003,35597.0,22323.0,
274168,2009,71014.0,28002.0,
274635,2020,108030.0,29270.0,
274752,2025,7676.0,16362.0,541.0
274872,2001,106454.0,25387.0,
275195,2014,151590.0,27190.0,
275208,2001,139787.0,16269.0,1277.0
275294,2020,62992.0,26028.0,
275310,2008,6824.0,21507.0,
275367,2010,8068.0,21226.0,
275563,2020,151327.0,17545.0,
275670,2008,143315.0,19095.0,
275789,2016,143578.0,28832.0,
275857,2007,35519.0,21709.0,
276046,2018,35268.0,19792.0,
276259,2004,62995.0,26326.0,
276329,2000,79909.0,25671.0,
276602,2013,62746.0,27753.0,
276638,2006,107497.0,19784.0,
276673,2017,79400.0,77.0,1146.0
276675,2010,66925.0,25371.0,
277013,2002,62993.0,27815.0,
277245,2022,149582.0,22709.0,
277648,2005,106055.0,17940.0,
277701,2014,106426.0,25121.0,
277936,2007,144652.0,24481.0,
278040,2015,107889.0,22463.0,
278043,2001,79551.0,17330.0,
278047,2003,8339.0,19452.0,
278209,2020,79031.0,27476.0,
278273,2017,78060.0,16596.0,
278426,2016,155792.0,26482.0,
278492,2017,149400.0,23142.0,
278611,2001,119783.0,,975.0
278633,2016,7690.0,23128.0,171.0
278639,2020,79966.0,25713.0,
279004,2003,633.0,21792.0,
279820,2024,78235.0,17533.0,
279869,2019,144577.0,26297.0,
280001,2006,62645.0,19718.0,
280221,2023,144788.0,29689.0,
280233,2007,149779.0,26656.0,
280411,2021,120331.0,24299.0,
280579,2007,149397.0,29234.0,
280623,2025,78264.0,29276.0,
280663,2000,155500.0,16882.0,
280915,2020,106302.0,17190.0,
280930,2001,6626.0,21619.0,
280976,2014,35275.0,16229.0,
281064,2012,119991.0,17730.0,
281317,2015,63302.0,29988.0,
281434,2021,143381.0,17257.0,
281567,2022,63039.0,16828.0,
282003,2022,119790.0,,740.0
282192,2007,107535.0,18394.0,
282530,2019,36027.0,4377.0,
282797,2002,78382.0,29389.0,
283367,2012,108424.0,8861.0,
283428,2020,247.0,24504.0,
283473,2006,6382.0,28478.0,
283541,2003,79899.0,21215.0,
283686,2006,151636.0,19413.0,
283974,2019,57152.0,25752.0,
284108,2022,139993.0,26657.0,
284538,2012,7856.0,21151.0,
284650,2015,78352.0,27196.0,
284681,2024,107890.0,28890.0,
284849,2021,73924.0,23761.0,
285018,2018,80048.0,28573.0,
285081,2018,106161.0,20312.0,
285228,2019,73684.0,23367.0,
285387,2018,151334.0,25942.0,
285406,2006,149776.0,19394.0,
285713,2004,78816.0,18999.0,
285847,2025,6754.0,26831.0,
285868,2022,78610.0,20597.0,
285915,2011,133186.0,20773.0,
286049,2021,57218.0,24032.0,
286184,2013,35297.0,26771.0,
286215,2021,277.0,19241.0,
286418,2002,35160.0,,438.0
286494,2006,57220.0,24112.0,
286837,2020,144680.0,26416.0,
287153,2001,108603.0,27536.0,
287246,2003,74117.0,20075.0,
287667,2021,79705.0,28115.0,
287848,2004,7882.0,23586.0,
288010,2016,119926.0,23853.0,
288018,2015,140352.0,19873.0,
288035,2008,144819.0,23019.0,
288080,2015,144631.0,23482.0,
288291,2019,79903.0,17138.0,
288302,2019,35490.0,16533.0,
288468,2023,6390.0,16416.0,
288596,2004,70549.0,16409.0,
288832,2011,156066.0,27240.0,
288932,2024,106077.0,18429.0,
289199,2007,73765.0,20213.0,
289380,2002,6664.0,26244.0,
289394,2013,120439.0,22920.0,
289411,2011,144568.0,17916.0,
289525,2025,35190.0,211.0,994.0
289946,2019,57254.0,25418.0,
290053,2011,6478.0,18309.0,
290167,2004,149257.0,,340.0
290201,2011,149358.0,27556.0,
290380,2009,133202.0,25897.0,
290502,2014,149630.0,17143.0,
290639,2025,8235.0,17512.0,
290852,2015,144383.0,28258.0,
290992,2006,66777.0,24413.0,
291080,2005,57479.0,17585.0,
291118,2022,653.0,22786.0,
291266,2006,78032.0,26407.0,
291294,2019,7668.0,,1359.0
291598,2000,80053.0,25291.0,
291878,2001,35534.0,29799.0,
291965,2021,149880.0,29586.0,
292196,2010,106044.0,26289.0,
292281,2021,8972.0,13010.0,
292359,2006,73754.0,25989.0,
292716,2025,74063.0,25026.0,
292759,2014,62976.0,27511.0,
292850,2000,70518.0,24689.0,
292926,2021,78204.0,26922.0,
293044,2018,347.0,16796.0,
293226,2005,79579.0,17798.0,
293350,2007,107591.0,22727.0,
293936,2003,107689.0,27726.0,
294075,2023,66905.0,25146.0,
294115,2013,35220.0,,682.0
294223,2025,66752.0,22780.0,
294341,2024,105966.0,17954.0,
294383,2025,106235.0,20294.0,
294441,2020,144663.0,21694.0,
294455,2000,108016.0,25926.0,
294766,2018,58038.0,10275.0,
294844,2007,139982.0,21457.0,
294999,2024,57699.0,28725.0,
295032,2010,57430.0,23981.0,
295271,2014,70639.0,600.0,
295506,2007,7626.0,98.0,1307.0
295531,2009,78576.0,16189.0,570.0
295532,2009,8008.0,17850.0,
295804,2012,143060.0,18677.0,
296214,2020,78053.0,29131.0,
296466,2009,360.0,16975.0,
296505,2021,35270.0,16251.0,
296719,2021,151666.0,19979.0,
296721,2014,140414.0,22517.0,
296936,2016,155521.0,23401.0,
297028,2015,73935.0,24416.0,
297092,2014,108996.0,26136.0,
297165,2019,66711.0,19673.0,
297374,2019,66702.0,23878.0,
297402,2024,35604.0,24102.0,
297744,2018,108079.0,22580.0,
297835,2013,151337.0,22223.0,
297993,2025,7587.0,16.0,1029.0
298044,2024,6534.0,20331.0,
298215,2023,133530.0,26635.0,
298444,2012,119798.0,18065.0,
298542,2001,79043.0,28379.0,
298646,2015,78437.0,30097.0,
299107,2008,73571.0,23110.0,
299189,2003,6364.0,17612.0,
299383,2023,7689.0,16217.0,674.0
299834,2023,62986.0,27609.0,
299875,2019,149815.0,20097.0,
299941,2004,140327.0,26382.0,
299970,2003,35599.0,21857.0,
