car_id,year,complaint_id,image_id,audio_id,is_sick_audio,is_sick_text,is_sick_image
225426,2000,106224,23460,,,0,1
190510,2000,155620,16706,,,0,1
292850,2000,70518,24689,,,0,1
32792,2002,149734,30121,,,0,1
188072,2003,151485,21494,,,0,1
41312,2003,143198,19815,,,0,1
159824,2004,133513,23983,,,0,1
197470,2005,66757,23501,,,0,1
53134,2005,78880,22205,,,0,1
111082,2005,107460,,763,1,0,
130880,2005,155518,21315,,,0,1
207292,2005,79980,22745,,,0,1
183053,2006,77781,,590,1,0,
242952,2006,143130,22651,,,0,1
285406,2006,149776,19394,,,0,1
277936,2007,144652,24481,,,0,1
293350,2007,107591,22727,,,0,1
215531,2008,106099,25479,,,0,1
160593,2008,78366,25760,,,0,1
57050,2008,8409,27391,,,0,1
266966,2009,142955,,226,1,0,
225475,2009,36517,14912,,,0,1
245235,2009,107570,21431,,,0,1
55278,2009,145000,29425,,,0,1
38597,2010,119780,,1023,1,0,
2960,2010,70625,18137,,,0,1
202937,2011,6513,19367,,,0,1
97355,2011,109209,2630,,,1,0
177649,2012,35411,19855,,,0,1
75043,2012,6373,20671,,,0,1
276602,2013,62746,27753,,,0,1
170741,2014,78663,26550,,,0,1
239489,2016,63622,2007,,,1,0
53445,2017,156105,29940,,,0,1
140120,2017,144390,17748,,,0,1
251680,2017,106554,27930,,,0,1
115552,2017,79100,25239,,,0,1
248195,2019,57158,27771,,,0,1
88345,2019,144896,30100,,,0,1
63426,2020,79130,26183,,,0,1
221262,2020,78972,20806,,,0,1
32612,2022,63164,26111,,,0,1
78730,2022,66605,26834,,,0,1
125180,2022,108703,17128,,,0,1
7495,2022,151290,27794,,,0,1
111243,2022,156092,29497,,,0,1
27476,2023,8018,26543,,,0,1
122981,2024,151096,21168,,,0,1
201123,2025,78293,29581,,,0,1
110047,2025,80151,29725,,,0,1
183688,2000,155720,19307,,,0,1
162143,2000,151219,18846,,,0,1
9216,2001,144376,,619,1,0,
72738,2001,57461,26263,,,0,1
184781,2002,79060,18436,,,0,1
254135,2002,151652,19833,,,0,1
100866,2002,143023,16628,,,0,1
122166,2002,8062,22402,,,0,1
169800,2002,108540,,648,1,0,
29194,2002,74002,23493,,,0,1
58902,2002,149867,28845,,,0,1
108380,2003,6321,28302,,,0,1
11589,2003,149348,16331,,,0,1
120712,2004,344,18663,,,0,1
84398,2004,294,27421,,,0,1
198972,2006,79989,22927,,,0,1
188899,2010,35327,16663,,,0,1
122401,2013,151734,29537,,,0,1
296721,2014,140414,22517,,,0,1
143290,2014,119722,,991,1,0,
89724,2014,,15,929,1,,0
267900,2015,35125,24,1353,1,0,0
195555,2015,73988,28605,,,0,1
106905,2017,149258,,721,1,0,
255003,2017,66859,29004,,,0,1
297744,2018,108079,22580,,,0,1
37848,2018,107715,19049,,,0,1
205313,2019,118,22261,,,0,1
296719,2021,151666,19979,,,0,1
28572,2021,62899,21516,,,0,1
49791,2021,149359,17614,,,0,1
157518,2022,151177,23508,,,0,1
27456,2022,80147,29517,,,0,1
243045,2023,106447,19455,,,0,1
137379,2023,35496,28953,,,0,1
271760,2024,155989,24366,,,0,1
235517,2025,144661,22301,,,0,1
1145,2025,77855,21197,,,0,1
6346,2025,6488,21581,,,0,1
11035,2000,133286,17149,,,0,1
56435,2001,6845,22354,,,0,1
39441,2002,79046,30075,,,0,1
299970,2003,35599,21857,,,0,1
79226,2004,,91,898,1,,0
270806,2004,79749,26913,,,0,1
59986,2005,62729,21085,,,0,1
97507,2005,66850,26308,,,0,1
37972,2006,7962,21193,,,0,1
173619,2007,74057,18740,,,0,1
16160,2008,8280,28713,,,0,1
259497,2008,78387,26949,,,0,1
196904,2009,79952,26430,,,0,1
181862,2009,63565,20486,,,0,1
234843,2009,57440,22035,,,0,1
107206,2009,78323,19110,,,0,1
178893,2010,139817,250,291,1,0,0
34310,2012,144697,27899,,,0,1
28166,2012,7753,334,113,1,0,0
93902,2013,108634,20785,,,0,1
297835,2013,151337,22223,,,0,1
29965,2015,7737,302,92,1,0,0
212053,2016,66844,23530,,,0,1
192262,2016,144585,26130,,,0,1
232698,2020,35142,,1205,1,0,
270006,2021,8382,20182,,,0,1
234918,2021,120091,21065,,,0,1
181020,2022,143070,21277,,,0,1
298215,2023,133530,26635,,,0,1
229933,2023,35812,26975,,,0,1
148044,2024,73751,25235,,,0,1
64660,2024,144342,,560,1,0,
161432,2000,106127,19505,,,0,1
118803,2002,7761,358,1306,1,0,0
218629,2002,79220,28020,,,0,1
204759,2002,,359,907,1,,0
200371,2003,73744,24038,,,0,1
254239,2003,70721,22735,,,0,1
25300,2004,108677,26463,,,0,1
292359,2006,73754,25989,,,0,1
230245,2006,80058,25376,,,0,1
25712,2007,8104,24067,,,0,1
13041,2007,79991,28658,,,0,1
67077,2009,151563,23577,,,0,1
70488,2010,133192,18936,,,0,1
78153,2010,63511,25088,,,0,1
189709,2011,151186,23308,,,0,1
115976,2011,36034,4446,,,1,0
203105,2012,79849,23533,,,0,1
173226,2012,74017,23705,,,0,1
217460,2012,144527,19918,,,0,1
84591,2012,143343,28154,,,0,1
81401,2013,144388,24596,,,0,1
290502,2014,149630,17143,,,0,1
181853,2014,7776,,1287,1,0,
155325,2014,57148,16372,,,0,1
243802,2015,120013,18872,,,0,1
129223,2015,79498,,1217,1,0,
17558,2015,80007,29965,,,0,1
99352,2016,105964,21291,,,0,1
54955,2017,35384,26961,,,0,1
111385,2018,57605,29342,,,0,1
243519,2018,6319,28377,,,0,1
16970,2018,107603,17515,,,0,1
164670,2018,120453,24544,,,0,1
109719,2019,6540,22878,,,0,1
207113,2020,36188,7536,,,1,0
274635,2020,108030,29270,,,0,1
78835,2020,57297,22366,,,0,1
286215,2021,277,19241,,,0,1
117773,2022,74358,5410,,,1,0
20974,2022,73663,17597,,,0,1
119762,2022,133169,18514,,,0,1
252947,2023,140041,22098,,,0,1
75009,2023,70993,29923,,,0,1
220170,2024,35846,29258,,,0,1
89305,2024,63590,28148,,,0,1
196753,2001,70681,22073,,,0,1
194792,2002,35594,23996,,,0,1
270433,2003,143598,29796,,,0,1
46837,2004,35562,21840,,,0,1
40364,2004,144654,24913,,,0,1
291266,2006,78032,26407,,,0,1
69122,2007,108814,23033,,,0,1
176519,2008,7996,18030,,,0,1
112786,2008,73733,23645,,,0,1
143462,2008,155705,25255,,,0,1
158342,2008,35350,20459,,,0,1
33103,2009,133572,25691,,,0,1
37758,2009,79713,17172,,,0,1
101203,2010,119695,54,1290,1,0,0
250595,2011,79566,25590,,,0,1
106760,2012,109045,27805,,,0,1
284538,2012,7856,21151,,,0,1
138518,2014,7623,95,76,1,0,0
280976,2014,35275,16229,,,0,1
87545,2014,78527,3345,,,1,0
35020,2014,107870,24948,,,0,1
266608,2015,120429,28949,,,0,1
239328,2016,108916,29372,,,0,1
268126,2017,70743,20177,,,0,1
263065,2017,78013,25583,,,0,1
55685,2017,70697,18939,,,0,1
156696,2017,155764,23387,,,0,1
221999,2017,6525,16959,,,0,1
43406,2017,151360,20534,,,0,1
64107,2018,73798,28077,,,0,1
1871,2018,6838,22208,,,0,1
299875,2019,149815,20097,,,0,1
177031,2019,70495,22692,,,0,1
154550,2022,120019,19705,,,0,1
95346,2022,140455,28888,,,0,1
105999,2023,35865,21546,,,0,1
220202,2024,6549,24814,,,0,1
257779,2024,78115,21508,,,0,1
248870,2025,140,22153,,,0,1
152995,2025,108673,22767,,,0,1
2969,2000,70641,27387,,,0,1
156347,2000,143056,18516,,,0,1
91184,2003,70638,19903,,,0,1
50450,2003,105905,,536,1,0,
171947,2003,108682,27881,,,0,1
251925,2004,106039,25301,,,0,1
20067,2006,63205,25869,,,0,1
193184,2006,133144,24262,,,0,1
102534,2007,108956,24486,,,0,1
88934,2007,66883,18654,,,0,1
256239,2008,78094,23673,,,0,1
275670,2008,143315,19095,,,0,1
127905,2009,133386,29631,,,0,1
175689,2009,79851,16966,,,0,1
23983,2010,71013,27869,,,0,1
102829,2012,133406,29140,,,0,1
292759,2014,62976,27511,,,0,1
119127,2015,66754,25104,,,0,1
177748,2015,434,24594,,,0,1
50070,2015,149744,24400,,,0,1
233871,2015,63018,23165,538,1,0,1
288010,2016,119926,23853,,,0,1
216142,2016,156513,9552,,,0,1
188679,2017,79910,25744,,,0,1
98806,2017,57277,20637,,,0,1
199776,2017,144471,19023,,,0,1
150509,2018,107947,18709,,,0,1
67463,2019,143255,19573,,,0,1
244926,2020,7990,26545,,,0,1
237456,2020,79688,19486,,,0,1
157861,2021,57030,30068,,,0,1
232805,2023,144771,17395,,,0,1
97010,2023,79104,29057,,,0,1
247672,2023,,390,877,1,,0
14029,2024,36005,3889,,,1,0
219200,2025,107995,30091,,,0,1
241350,2000,119931,20303,,,0,1
17844,2001,155998,27804,,,0,1
282797,2002,78382,29389,,,0,1
186391,2003,149277,16692,,,0,1
214831,2004,106409,24632,,,0,1
162110,2004,6786,20021,,,0,1
115772,2005,149683,25469,,,0,1
111151,2006,107539,25910,,,0,1
195204,2006,133541,24720,,,0,1
139869,2007,142959,,1251,1,0,
51563,2008,6388,20890,,,0,1
20672,2008,374,20693,,,0,1
263881,2008,79689,19487,,,0,1
248158,2009,151233,28800,,,0,1
275367,2010,8068,21226,,,0,1
51919,2011,133369,16564,,,0,1
212317,2011,66661,16606,,,0,1
290053,2011,6478,18309,,,0,1
39935,2012,140407,22398,,,0,1
72367,2012,70984,29006,,,0,1
244798,2013,63089,29506,,,0,1
34834,2013,35217,,1229,1,0,
297092,2014,108996,26136,,,0,1
199461,2014,79490,335,1105,1,0,0
36734,2014,70468,23836,,,0,1
190416,2015,436,25498,,,0,1
297028,2015,73935,24416,,,0,1
115948,2016,143107,17547,,,0,1
175759,2016,57376,19291,,,0,1
132802,2017,63361,24075,,,0,1
256140,2017,66381,,628,1,0,
146197,2020,143529,28622,,,0,1
180610,2020,155575,24831,,,0,1
164506,2021,119865,23785,,,0,1
65334,2023,6653,27072,,,0,1
140812,2024,62524,18521,,,0,1
46659,2024,143368,29739,,,0,1
179398,2024,57707,29523,,,0,1
87010,2025,144613,27483,,,0,1
175871,2000,78800,19588,,,0,1
107055,2001,144922,20189,,,0,1
37613,2002,119997,24382,,,0,1
129440,2002,78410,21908,,,0,1
216669,2003,57075,20103,,,0,1
89551,2005,70883,26447,,,0,1
275857,2007,35519,21709,,,0,1
289199,2007,73765,20213,,,0,1
107844,2007,66496,28253,,,0,1
29044,2008,143133,28167,,,0,1
228188,2009,144953,28959,,,0,1
257853,2009,120300,28693,,,0,1
295032,2010,57430,23981,,,0,1
165541,2010,63519,25192,,,0,1
269961,2012,108618,16731,,,0,1
176399,2013,70553,21460,,,0,1
270454,2015,106276,25218,,,0,1
71954,2015,254,20310,,,0,1
249041,2016,66782,21425,,,0,1
258132,2016,78924,17058,,,0,1
124583,2016,144866,25135,,,0,1
31757,2017,8529,3833,,,1,0
118633,2018,79937,21647,,,0,1
84728,2018,143079,20723,,,0,1
19518,2019,106120,18811,,,0,1
138680,2020,149412,23627,,,0,1
238605,2020,107590,21470,,,0,1
159557,2021,73768,26275,,,0,1
21349,2021,106269,19607,,,0,1
106168,2022,73788,26228,,,0,1
179619,2023,143235,20567,,,0,1
26418,2024,63611,29622,,,0,1
58593,2024,144576,25726,,,0,1
232399,2024,149762,27733,,,0,1
271039,2025,63578,29984,,,0,1
203997,2025,79509,,1106,1,0,
123305,2002,106031,26632,,,0,1
79582,2002,57428,835,,,1,0
182490,2002,80150,29677,,,0,1
277013,2002,62993,27815,,,0,1
19716,2003,143047,19744,,,0,1
102953,2004,80145,29490,,,0,1
199187,2005,149241,,395,1,0,
78189,2006,149665,21664,,,0,1
215951,2006,78716,21327,,,0,1
43665,2006,79236,29020,,,0,1
257309,2008,35293,22581,,,0,1
135025,2009,143121,26484,,,0,1
108275,2009,151768,28007,,,0,1
161348,2012,144806,18082,,,0,1
230285,2013,107544,22969,,,0,1
43444,2014,143554,29852,,,0,1
64054,2016,78256,27187,,,0,1
44324,2016,151230,25766,,,0,1
4802,2016,79691,24910,,,0,1
33797,2019,139962,23757,,,0,1
162468,2021,143293,29559,,,0,1
39520,2021,144730,29734,,,0,1
27419,2024,107672,16561,,,0,1
294383,2025,106235,20294,,,0,1
144797,2000,151296,18410,,,0,1
881,2000,73657,18861,,,0,1
16122,2000,66699,22179,,,0,1
12611,2002,207,20988,,,0,1
209731,2003,73696,17729,,,0,1
39784,2004,63328,22336,,,0,1
241361,2005,7807,19212,,,0,1
63700,2005,144476,22733,,,0,1
81129,2005,151175,22586,,,0,1
49050,2006,133424,20818,,,0,1
162774,2006,144836,29933,,,0,1
229773,2006,144816,18248,,,0,1
258295,2007,35647,29715,,,0,1
191397,2007,66967,29453,,,0,1
115605,2009,133138,17853,,,0,1
59848,2009,8095,19288,,,0,1
223321,2009,62985,18739,,,0,1
292196,2010,106044,26289,,,0,1
32333,2012,143076,18525,,,0,1
51984,2014,35937,29263,,,0,1
257395,2015,7757,349,1139,1,0,0
223380,2016,73827,22067,,,0,1
171387,2018,149612,23706,,,0,1
75288,2018,79600,26031,,,0,1
20789,2018,66524,21000,,,0,1
119851,2018,143272,16639,,,0,1
285387,2018,151334,25942,,,0,1
100733,2020,108854,21015,,,0,1
121945,2021,79092,24562,,,0,1
188330,2021,70723,23335,,,0,1
294341,2024,105966,17954,,,0,1
125021,2024,106455,27150,,,0,1
3328,2024,8180,21247,,,0,1
220029,2024,108695,23234,,,0,1
158658,2024,107738,24047,,,0,1
263353,2000,120134,18613,,,0,1
92621,2001,8867,11093,,,0,1
284228,2001,58136,12552,,,0,1
14822,2002,106210,21388,,,0,1
124413,2002,73728,19200,,,0,1
185221,2004,117,16330,,,0,1
271144,2005,35657,30056,,,0,1
166183,2005,57282,27083,,,0,1
181156,2005,7903,24559,,,0,1
231105,2005,73978,25014,,,0,1
93435,2006,73547,,1219,1,0,
236307,2007,149448,25973,,,0,1
252807,2007,57278,19214,,,0,1
23046,2009,106232,21295,,,0,1
295531,2009,78576,16189,570,1,0,1
108345,2009,155814,19471,,,0,1
39705,2010,66735,27048,,,0,1
135182,2010,120379,25842,,,0,1
88875,2010,149772,25210,,,0,1
78675,2011,143277,28327,,,0,1
178898,2011,63049,17805,,,0,1
24417,2011,79730,19042,,,0,1
73750,2013,105903,,515,1,0,
38117,2013,66461,18102,,,0,1
55321,2014,106040,21221,,,0,1
98950,2014,74130,26179,,,0,1
29730,2015,35342,27517,,,0,1
281317,2015,63302,29988,,,0,1
5600,2015,57246,18365,,,0,1
24265,2016,120035,24253,,,0,1
8846,2018,35379,25181,,,0,1
174992,2019,119712,,1055,1,0,
139110,2021,107489,22953,,,0,1
149033,2021,70952,26789,,,0,1
139891,2021,6476,21126,,,0,1
144682,2021,119925,20295,,,0,1
48728,2023,77912,17011,,,0,1
105344,2023,78885,19672,,,0,1
139949,2023,108746,25068,,,0,1
52702,2000,78244,23163,,,0,1
278043,2001,79551,17330,,,0,1
269477,2001,70519,22840,,,0,1
229262,2001,78971,24023,,,0,1
262425,2002,107896,23373,,,0,1
90000,2004,109201,29876,,,0,1
272815,2004,70390,,168,1,0,
144202,2004,78089,23656,,,0,1
48658,2004,78079,18403,,,0,1
259837,2005,66385,,795,1,0,
148965,2006,119741,252,1282,1,0,0
60577,2007,487,29904,,,0,1
240978,2008,140162,27960,,,0,1
273697,2008,144700,22556,,,0,1
28938,2009,80176,28404,,,0,1
119002,2009,79897,28197,,,0,1
133016,2009,7836,23303,,,0,1
364,2011,120114,22818,,,0,1
113582,2011,140084,27752,,,0,1
250726,2012,8249,26951,,,0,1
75593,2013,6226,17711,,,0,1
8331,2015,79182,29720,,,0,1
262876,2015,73864,21744,,,0,1
293044,2018,347,16796,,,0,1
184193,2018,108653,28525,,,0,1
56045,2018,8080,28168,,,0,1
278639,2020,79966,25713,,,0,1
83732,2021,133783,24550,,,0,1
281567,2022,63039,16828,,,0,1
196355,2022,7937,18314,,,0,1
253611,2023,62770,20611,,,0,1
19367,2024,79532,21053,,,0,1
49887,2025,106056,26767,,,0,1
274752,2025,7676,16362,541,1,0,1
256530,2000,74515,8497,,,1,0
273479,2000,70544,24849,,,0,1
11588,2000,149370,25256,,,0,1
291878,2001,35534,29799,,,0,1
94844,2002,107791,24225,,,0,1
200226,2004,78018,19861,,,0,1
10458,2004,73676,16377,,,0,1
78016,2006,119823,17969,,,0,1
268894,2007,108579,17331,,,0,1
197660,2007,79959,26599,,,0,1
70797,2008,62994,26325,,,0,1
263873,2008,108609,19710,,,0,1
274168,2009,71014,28002,,,0,1
146114,2010,143563,27631,,,0,1
155281,2010,35789,18706,,,0,1
136672,2011,35319,16696,,,0,1
92131,2011,6815,27324,,,0,1
264529,2012,133501,29296,,,0,1
4698,2012,106483,29030,,,0,1
237058,2014,139815,,1211,1,0,
67332,2015,7810,28280,,,0,1
154510,2015,143305,18841,,,0,1
217006,2016,143453,26963,,,0,1
276673,2017,79400,77,1146,1,0,0
216454,2017,133260,26751,,,0,1
61576,2018,6531,21398,,,0,1
178126,2018,151573,23218,,,0,1
176949,2021,73987,17571,,,0,1
44171,2021,78838,18832,,,0,1
94186,2024,133614,29516,,,0,1
44499,2024,144546,17983,,,0,1
67978,2025,133494,20178,,,0,1
240244,2025,63125,22658,,,0,1
180333,2000,,239,853,1,,0
190975,2001,57604,26389,,,0,1
42040,2001,120066,19889,,,0,1
88575,2001,144672,21849,,,0,1
229097,2002,78902,22435,,,0,1
43152,2003,144542,18178,,,0,1
187586,2004,78440,23658,,,0,1
14640,2005,107507,22193,,,0,1
179699,2005,108527,,509,1,0,
265764,2007,106290,29633,,,0,1
250235,2007,79430,,1084,1,0,
184615,2007,80328,5773,,,0,1
65025,2009,106410,24165,,,0,1
192523,2010,155729,16597,,,0,1
87357,2010,35590,21577,,,0,1
75277,2010,107873,29550,,,0,1
71901,2011,139847,25280,,,0,1
246793,2013,133656,28575,,,0,1
230922,2014,70804,25559,,,0,1
198186,2015,120200,21260,,,0,1
200693,2015,35894,23345,,,0,1
29706,2015,78424,22606,,,0,1
246819,2015,57095,19816,,,0,1
123728,2015,78874,21998,,,0,1
216029,2017,6546,22200,,,0,1
267364,2017,66578,23927,,,0,1
45785,2018,144394,18994,,,0,1
252917,2021,133353,20379,,,0,1
147086,2021,57084,26930,,,0,1
154427,2022,106146,19081,,,0,1
21590,2022,107446,16245,615,1,0,1
298044,2024,6534,20331,,,0,1
58452,2025,133471,23388,,,0,1
182822,2025,143576,28795,,,0,1
82285,2025,66773,23220,,,0,1
106196,2025,57442,20894,,,0,1
30033,2001,73960,22116,,,0,1
8403,2001,78980,24394,,,0,1
15807,2002,7943,20661,,,0,1
265815,2003,149881,29609,,,0,1
66639,2004,79399,65,1315,1,0,0
126217,2004,57368,26077,,,0,1
83640,2004,6209,16665,,,0,1
150232,2007,133121,,771,1,0,
169029,2009,35281,16265,,,0,1
123895,2009,57679,28017,,,0,1
141429,2010,74003,27471,,,1,0
81960,2013,156035,27915,,,0,1
97337,2015,62655,17148,,,0,1
231808,2015,149289,26903,,,0,1
76624,2017,8489,2659,,,1,0
210379,2017,62889,21012,,,0,1
243377,2018,63644,28503,,,0,1
170141,2018,140135,21397,,,0,1
240578,2019,140007,19787,,,0,1
260908,2019,151635,25283,,,0,1
255914,2021,105995,29634,,,0,1
246389,2021,119794,,1335,1,0,
145376,2021,78196,20627,,,0,1
136618,2023,78904,21989,,,0,1
84608,2023,35601,24096,,,0,1
205097,2023,108033,20624,,,0,1
37253,2023,133692,28246,,,0,1
50805,2024,151467,23729,,,0,1
4995,2025,78152,17062,,,0,1
244430,2025,57062,25609,,,0,1
216687,2000,79635,26425,,,0,1
202882,2001,108827,28255,,,0,1
70841,2001,35525,18562,,,0,1
89717,2003,57507,28631,,,0,1
186014,2004,120012,20037,,,0,1
283686,2006,151636,19413,,,0,1
59500,2006,7940,23204,,,0,1
185197,2007,8074,20071,,,0,1
46463,2007,143199,27623,,,0,1
25273,2007,6287,17352,,,0,1
104872,2007,133667,19553,,,0,1
192128,2008,35644,17154,,,0,1
259370,2009,71012,27865,,,0,1
35548,2009,63995,9569,,,0,1
268914,2010,151571,18381,,,0,1
289411,2011,144568,17916,,,0,1
9204,2011,106092,16726,,,0,1
251701,2011,6805,29341,,,0,1
132345,2012,151181,22170,,,0,1
143333,2013,74096,25472,,,0,1
174938,2014,151325,19598,,,0,1
235151,2014,155707,20895,,,0,1
132357,2014,63453,1013,,,0,1
111359,2014,143617,27934,,,0,1
239655,2014,74020,18295,,,0,1
96286,2015,144363,,767,1,0,
185099,2015,142987,16935,,,0,1
298646,2015,78437,30097,,,0,1
23777,2015,66573,20986,,,0,1
154577,2017,143156,17652,,,0,1
26645,2017,6569,28502,,,0,1
44381,2017,140720,7926,,,1,0
243174,2018,73565,21674,,,0,1
104968,2018,79926,20812,,,0,1
175914,2019,7767,372,106,1,0,0
230329,2019,7870,20706,,,0,1
88861,2019,106321,28790,,,0,1
275294,2020,62992,26028,,,0,1
25205,2021,106398,29274,,,0,1
97199,2021,107581,22656,,,0,1
128572,2022,151562,26306,,,0,1
3130,2022,120262,17486,,,0,1
60979,2025,107509,29210,,,0,1
274872,2001,106454,25387,,,0,1
13140,2001,422,25995,,,0,1
149418,2003,74476,7797,,,1,0
99304,2004,70701,19828,,,0,1
147531,2004,78903,21941,,,0,1
280233,2007,149779,26656,,,0,1
97450,2008,70730,21191,,,0,1
104923,2014,106241,16996,,,0,1
95815,2014,151626,19202,,,0,1
288080,2015,144631,23482,,,0,1
280915,2020,106302,17190,,,0,1
43850,2022,78836,28686,,,0,1
202483,2022,8184,24636,,,0,1
198051,2023,73770,19599,,,0,1
222078,2023,63426,21877,,,0,1
37594,2024,133798,27889,,,0,1
179807,2025,106151,18022,,,0,1
294223,2025,66752,22780,,,0,1
21452,2025,79443,204,1125,1,0,0
153735,2002,143055,25789,,,0,1
205025,2002,6612,17316,,,0,1
212835,2003,78866,21950,,,0,1
201046,2004,143595,23173,,,0,1
272518,2005,6227,18424,,,0,1
286494,2006,57220,24112,,,0,1
87237,2006,139935,23719,,,0,1
24512,2006,74235,29261,,,0,1
227264,2008,151473,25621,,,0,1
166344,2009,73595,19724,,,0,1
240089,2010,63275,19659,,,0,1
251627,2011,151623,25106,,,0,1
188392,2011,155477,16809,185,1,0,1
13972,2012,149498,24943,,,0,1
277701,2014,106426,25121,,,0,1
164454,2016,62704,25796,,,0,1
28930,2016,57630,28547,,,0,1
134325,2016,636,21871,,,0,1
65790,2016,107997,27462,,,0,1
200205,2017,151740,22946,,,0,1
199049,2017,79115,30129,,,0,1
159412,2017,63458,26163,,,0,1
252403,2018,107867,27037,,,0,1
273318,2018,35324,21713,,,0,1
152960,2019,63376,23412,,,0,1
291294,2019,7668,,1359,1,0,
250238,2020,151714,28323,,,0,1
61919,2020,155829,28554,,,0,1
228496,2021,108969,21895,,,0,1
252647,2021,133129,,1221,1,0,
188301,2024,133374,20515,,,0,1
68616,2024,133393,22888,,,0,1
291598,2000,80053,25291,,,0,1
276329,2000,79909,25671,,,0,1
48054,2000,133397,16621,,,0,1
239372,2002,78136,19223,,,0,1
92239,2003,133495,17137,,,0,1
208696,2003,144091,11783,,,0,1
267440,2004,8398,27162,,,0,1
1103,2004,149747,24150,,,0,1
36307,2005,149432,26124,,,0,1
9805,2005,151347,19004,,,0,1
226722,2006,70588,28865,,,0,1
12081,2006,143427,18040,,,0,1
193878,2006,139830,,500,1,0,
261409,2008,149322,23764,,,0,1
122116,2008,35760,18484,,,0,1
258251,2008,142983,,202,1,0,
124835,2008,108649,24250,,,0,1
63785,2009,199,21862,,,0,1
272445,2010,63198,18806,,,0,1
146898,2011,80032,25074,,,0,1
129531,2011,144990,28495,,,0,1
286184,2013,35297,26771,,,0,1
57528,2013,107537,20260,,,0,1
82503,2014,35314,16339,,,0,1
211111,2016,107935,23652,,,0,1
192500,2017,151210,19575,,,0,1
33483,2017,35236,,400,1,0,
149015,2017,151108,19210,,,0,1
133282,2017,79067,29943,,,0,1
131511,2019,35231,360,1317,1,1,0
288302,2019,35490,16533,,,0,1
50434,2020,35847,29287,,,0,1
268041,2020,108775,26666,,,0,1
202939,2021,62758,23720,,,0,1
280411,2021,120331,24299,,,0,1
137992,2021,601,20098,,,0,1
279820,2024,78235,17533,,,0,1
129577,2025,35518,26332,,,0,1
24306,2000,62505,18235,,,0,1
89476,2001,151072,187,283,1,0,0
222189,2002,106080,25829,,,0,1
154306,2004,143208,18571,,,0,1
137918,2004,7997,19276,,,0,1
253693,2004,133466,23177,,,0,1
288596,2004,70549,16409,,,0,1
71291,2004,106042,27274,,,0,1
195594,2005,57252,26512,,,0,1
161539,2006,149430,23867,,,0,1
184875,2006,79700,17629,,,0,1
229638,2007,106331,21660,,,0,1
265354,2007,70637,27458,,,0,1
267218,2007,63245,28530,,,0,1
50362,2008,,370,890,1,,0
138763,2008,79596,23455,,,0,1
208570,2009,106000,24183,,,0,1
149928,2010,57580,25659,,,0,1
158947,2012,62798,22309,,,0,1
168099,2014,77885,18997,,,0,1
63354,2014,155461,,816,1,0,
262820,2016,70596,25302,,,0,1
240566,2016,70577,25048,,,0,1
278426,2016,155792,26482,,,0,1
100246,2020,120162,20327,,,0,1
269021,2020,70511,22414,,,0,1
292281,2021,8972,13010,,,1,0
173698,2021,77969,21758,,,0,1
91620,2021,156144,28898,,,0,1
77026,2022,105956,24778,,,0,1
108034,2022,155460,,240,1,0,
288932,2024,106077,18429,,,0,1
171555,2025,78982,26520,,,0,1
65362,2025,8032,18826,,,0,1
249917,2025,108116,28267,,,0,1
294455,2000,108016,25926,,,0,1
24234,2000,35729,18097,,,0,1
230991,2000,8378,28839,,,0,1
218378,2001,66634,25127,,,0,1
261328,2002,78126,19827,,,0,1
96045,2004,151653,19835,,,0,1
103314,2004,107661,25451,,,0,1
255291,2006,107691,22649,,,0,1
220319,2006,140053,22393,,,0,1
280001,2006,62645,19718,,,0,1
238123,2007,79073,18628,,,0,1
62293,2008,106183,27264,,,0,1
37592,2011,35886,29498,,,0,1
14186,2015,143497,25242,,,0,1
210630,2015,119724,178,1368,1,0,0
250931,2015,57232,17273,,,0,1
230254,2016,78351,27163,,,0,1
213341,2019,151393,30079,,,0,1
291965,2021,149880,29586,,,0,1
56000,2023,108955,20949,,,0,1
131447,2023,80083,26092,,,0,1
151343,2024,144800,26953,,,0,1
201337,2025,108936,24592,,,0,1
285847,2025,6754,26831,,,0,1
211271,2025,78879,18728,,,0,1
116642,2001,107999,25615,,,0,1
148464,2001,144835,29277,,,0,1
214344,2003,140357,1422,,,0,1
287246,2003,74117,20075,,,0,1
89555,2004,8128,21784,,,0,1
158423,2008,73859,25904,,,0,1
24478,2009,105937,29585,,,0,1
87384,2010,143279,23022,,,0,1
75406,2013,151216,21575,,,0,1
249763,2014,78803,20066,,,0,1
214954,2015,108545,18674,1272,1,0,1
37110,2016,8255,25935,,,0,1
155764,2017,66512,25140,,,0,1
285081,2018,106161,20312,,,0,1
285018,2018,80048,28573,,,0,1
34984,2019,8330,28656,,,0,1
91525,2019,70428,17752,,,0,1
55922,2019,426,21484,,,0,1
39769,2020,8271,28546,,,0,1
47984,2020,105992,19879,,,0,1
18947,2020,7949,16714,,,0,1
18753,2021,106068,24310,,,0,1
41405,2021,133244,17596,,,0,1
96665,2022,57300,27589,,,0,1
280623,2025,78264,29276,,,0,1
147859,2025,133259,22885,,,0,1
265731,2001,6526,19780,,,0,1
103640,2002,152352,13758,,,0,1
5688,2004,8252,23338,,,0,1
16159,2006,156067,27340,,,0,1
90075,2006,70760,17259,,,0,1
252966,2006,108129,29165,,,0,1
159775,2006,151323,18572,,,0,1
151240,2006,108616,22344,,,0,1
168828,2006,144759,28678,,,0,1
101127,2007,63148,20296,,,0,1
35604,2008,151283,16963,,,0,1
48562,2010,109022,18482,,,0,1
3076,2011,35164,,1179,1,0,
144502,2013,6794,28875,,,0,1
201520,2014,155674,25403,,,0,1
212066,2015,7780,410,117,1,0,0
178749,2016,151155,18025,,,0,1
42462,2016,139843,29663,,,0,1
164518,2016,79603,26024,,,0,1
60408,2016,108516,,364,1,0,
47117,2017,35336,24770,,,0,1
276046,2018,35268,19792,,,0,1
35394,2020,7706,,1127,1,0,
57892,2020,107851,24912,,,0,1
133523,2022,133690,19988,,,0,1
65706,2024,70617,29219,,,0,1
20327,2024,7888,17732,,,0,1
117724,2025,78782,26733,,,0,1
263870,2025,149255,,478,1,0,
142549,2000,6389,24745,,,0,1
84044,2000,6198,113,45,1,0,0
275208,2001,139787,16269,1277,1,0,1
79904,2002,109037,27741,,,0,1
192035,2003,133598,26679,,,0,1
64600,2003,70344,17199,841,1,0,1
242912,2003,120037,19802,,,0,1
290167,2004,149257,,340,1,0,
277648,2005,106055,17940,,,0,1
221784,2006,105910,304,50,1,0,0
5918,2006,140146,20461,,,0,1
270126,2006,78178,25616,,,0,1
262749,2006,78678,28523,,,0,1
139777,2007,108841,22180,,,0,1
82204,2009,7638,115,971,1,0,0
217271,2009,70996,23436,,,0,1
25303,2010,63332,26259,,,0,1
51134,2010,144573,25675,,,0,1
136864,2012,143020,17952,,,0,1
156940,2012,35814,19613,,,0,1
125364,2012,79518,16872,,,0,1
34137,2014,73842,22236,,,0,1
165234,2016,70374,,148,1,0,
221758,2016,151168,20974,,,0,1
69884,2018,151221,24835,,,0,1
219041,2018,144861,24403,,,0,1
70649,2019,78443,24567,,,0,1
285228,2019,73684,23367,,,0,1
47226,2019,78097,19315,,,0,1
57887,2020,6692,29948,,,0,1
231868,2020,63334,17001,,,0,1
127606,2020,144492,29757,,,0,1
73897,2021,500,23440,,,0,1
221248,2022,155647,20990,,,0,1
254757,2022,415,25901,,,0,1
96347,2022,7693,224,1338,1,0,0
231900,2022,78952,20181,,,0,1
133449,2022,79740,26504,,,0,1
92400,2023,8472,28899,,,0,1
253735,2024,79069,23740,,,0,1
244637,2025,109038,24587,,,0,1
290639,2025,8235,17512,,,0,1
120317,2000,105981,17971,,,0,1
211947,2000,35587,19760,,,0,1
197866,2002,133480,28988,,,0,1
13400,2003,143289,30083,,,0,1
146975,2003,57225,26984,,,0,1
248642,2003,143591,29658,,,0,1
113419,2004,63410,24432,,,0,1
37144,2005,78413,22214,,,0,1
106265,2006,133156,23157,,,0,1
56928,2006,105998,18924,,,0,1
194485,2007,66464,18508,,,0,1
170325,2008,108777,17554,,,0,1
112367,2008,133163,22687,,,0,1
29735,2008,79543,29192,,,0,1
150993,2009,70591,24411,,,0,1
177741,2009,57351,24840,,,0,1
211824,2009,78259,27392,,,0,1
270493,2009,143320,23920,,,0,1
107525,2010,105940,25460,,,0,1
157474,2010,35832,28424,,,0,1
288832,2011,156066,27240,,,0,1
174613,2011,7854,22007,,,0,1
281064,2012,119991,17730,,,0,1
136115,2012,105933,16917,,,0,1
191861,2012,35252,,1345,1,0,
224671,2014,79652,18895,,,0,1
211754,2017,149736,23800,,,0,1
262163,2017,133491,17133,,,0,1
123050,2018,63069,17771,,,0,1
138687,2018,79512,,1230,1,0,
118260,2018,143021,16814,,,0,1
141189,2019,66681,28951,,,0,1
77517,2019,108705,26700,,,0,1
292926,2021,78204,26922,,,0,1
285868,2022,78610,20597,,,0,1
202537,2023,108054,28147,,,0,1
261258,2000,120245,26843,,,0,1
257864,2002,139889,24932,,,0,1
87736,2003,144889,27251,,,0,1
144106,2003,143104,29727,,,0,1
165703,2003,74108,19937,,,0,1
123137,2004,57571,27051,,,0,1
246982,2004,35215,,747,1,0,
136004,2004,133712,26226,,,0,1
61841,2004,62901,25516,,,0,1
122138,2004,119701,,194,1,0,
265255,2005,71380,10000,,,0,1
15803,2006,70459,22732,,,0,1
177583,2007,109153,22506,,,0,1
189365,2008,78581,,425,1,0,
26659,2008,77900,28492,,,0,1
260072,2008,8768,9059,,,1,0
120359,2011,6481,29552,,,0,1
173208,2011,70666,21994,,,0,1
88450,2012,8193,23855,,,0,1
224293,2012,106254,22274,,,0,1
174864,2015,7659,,334,1,0,
269590,2018,77936,21591,,,0,1
163126,2019,6734,25608,,,0,1
161927,2020,63569,20551,,,0,1
231272,2021,35352,21064,,,0,1
236379,2022,70393,16575,,,0,1
43013,2022,139856,16554,,,0,1
35928,2024,120271,28706,,,0,1
266300,2024,149281,23074,,,0,1
101852,2025,79788,28853,,,0,1
130137,2002,297,22458,,,0,1
225189,2003,143084,26142,,,0,1
137899,2003,35412,27668,,,0,1
13827,2003,35130,45,1050,1,0,0
5926,2003,35906,27415,,,0,1
173007,2005,133115,,595,1,0,
199682,2007,62853,21268,,,0,1
44194,2008,7917,29602,,,0,1
32849,2008,35842,28997,,,0,1
171268,2008,80030,25028,,,0,1
222233,2008,78959,29675,,,0,1
151051,2008,78933,27927,,,0,1
266672,2008,62523,23591,,,0,1
190260,2009,356,20151,,,0,1
41047,2010,155522,17941,,,0,1
272047,2011,144496,17053,,,0,1
298444,2012,119798,18065,,,0,1
84415,2012,106420,27736,,,0,1
129425,2012,108785,25237,,,0,1
69362,2013,143492,19248,,,0,1
22359,2015,151570,28680,,,0,1
73716,2015,74131,29049,,,0,1
81970,2015,119928,24053,,,0,1
194978,2016,108563,17386,,,0,1
71524,2018,107868,24783,,,0,1
98622,2018,151200,25379,,,0,1
75969,2020,120399,29390,,,0,1
151632,2021,108576,21668,,,0,1
159650,2021,79109,26959,,,0,1
114874,2022,77977,27978,,,0,1
197790,2022,79557,20135,,,0,1
204918,2023,6470,19733,,,0,1
128881,2023,133573,26864,,,0,1
258016,2024,78273,18266,,,0,1
19714,2025,35670,26409,,,0,1
41944,2025,74175,29323,,,0,1
131060,2000,149865,22216,,,0,1
133575,2002,36,19767,,,0,1
84244,2002,67149,4465,,,0,1
227145,2004,57545,19132,,,0,1
265866,2005,119896,16737,,,0,1
291080,2005,57479,17585,,,0,1
194020,2006,66638,25848,,,0,1
246520,2007,574,19602,,,0,1
19805,2007,35381,29543,,,0,1
53034,2007,143495,26324,,,0,1
74956,2007,35334,16675,,,0,1
163597,2007,106363,27523,,,0,1
138728,2010,149781,29203,,,0,1
252410,2010,139968,24845,,,0,1
214494,2014,106017,29697,,,0,1
87076,2014,140006,19251,,,0,1
72658,2014,78314,24428,,,0,1
271171,2015,78729,22722,,,0,1
140286,2015,6621,29053,,,0,1
283974,2019,57152,25752,,,0,1
120292,2019,6378,20157,,,0,1
53639,2022,62708,18955,,,0,1
150607,2022,106202,18617,,,0,1
1725,2022,62669,17800,,,0,1
280221,2023,144788,29689,,,0,1
174913,2024,140308,27606,,,0,1
197697,2025,70624,27258,,,0,1
179051,2000,106292,17163,,,0,1
87064,2000,6634,17460,,,0,1
280663,2000,155500,16882,,,0,1
241194,2001,143356,22599,,,0,1
221724,2004,62539,19100,,,0,1
117418,2004,143117,21286,,,0,1
199262,2004,106059,20760,,,0,1
260612,2004,7594,,1042,1,0,
230802,2005,151601,18559,,,0,1
89531,2005,144774,25830,,,0,1
222059,2007,119838,16259,,,0,1
221619,2007,133299,23971,,,0,1
294844,2007,139982,21457,,,0,1
172062,2008,107644,27901,,,0,1
114220,2008,79538,16369,,,0,1
16716,2010,151394,18616,,,0,1
290201,2011,149358,27556,,,0,1
221569,2012,73587,18682,,,0,1
270298,2013,106441,19426,,,0,1
175405,2013,7839,18024,,,0,1
127047,2013,120396,29198,,,0,1
92121,2014,79835,22721,,,0,1
190917,2014,36481,14059,,,1,0
129888,2014,133523,26356,,,0,1
231812,2014,80031,24824,,,0,1
246735,2014,144340,,604,1,0,
125916,2015,150386,12889,,,0,1
169846,2015,79627,22640,,,0,1
113467,2016,57408,29041,,,0,1
217378,2016,74009,26238,,,0,1
208602,2016,77789,,705,1,0,
24386,2016,151377,27793,,,0,1
73235,2016,66993,21887,,,0,1
43238,2016,143164,29969,,,0,1
154886,2017,63397,21493,,,0,1
254417,2017,63343,20712,,,0,1
75389,2018,7683,209,296,1,0,0
122431,2018,80079,28287,,,0,1
48360,2018,7834,17937,,,0,1
21486,2019,8059,27287,,,0,1
238818,2020,133542,17458,,,0,1
266872,2021,120164,21797,,,0,1
112139,2021,106401,23801,,,0,1
272538,2022,63228,26835,,,0,1
257705,2022,62567,17820,,,0,1
127715,2022,107259,15917,,,0,1
198244,2022,144742,23914,,,0,1
299834,2023,62986,27609,,,0,1
118553,2025,79540,25818,,,0,1
131926,2025,78282,18449,,,0,1
50598,2000,107931,29781,,,0,1
193826,2001,77999,26763,,,0,1
27779,2001,144897,19892,,,0,1
283541,2003,79899,21215,,,0,1
231063,2003,133111,225,326,1,0,0
208575,2003,107686,16586,,,0,1
34751,2004,143516,30102,,,0,1
190117,2004,78369,28234,,,0,1
212750,2004,6752,26723,,,0,1
228185,2005,108858,19667,,,0,1
60403,2006,109165,29963,,,0,1
272247,2006,57635,22399,,,0,1
261428,2008,70585,25617,,,0,1
127305,2008,57520,27228,,,0,1
256859,2008,63113,25162,,,0,1
56863,2008,151435,26660,,,0,1
262603,2009,151109,16208,,,0,1
228585,2009,139795,,255,1,0,
228441,2010,70556,28989,,,0,1
202395,2010,57383,22951,,,0,1
160744,2011,63268,26507,,,0,1
140564,2011,57535,24146,,,0,1
13817,2012,108685,19103,,,0,1
80353,2012,66399,17876,,,0,1
184194,2012,119814,17685,,,0,1
289394,2013,120439,22920,,,0,1
154069,2015,187,24180,,,0,1
236357,2016,78628,19196,,,0,1
103643,2016,8182,20155,,,0,1
252316,2017,119797,,1167,1,0,
85362,2017,156060,29355,,,0,1
144028,2018,151589,18465,,,0,1
136984,2019,155857,23911,,,0,1
12419,2019,7857,19650,,,0,1
72576,2023,57134,23553,,,0,1
72318,2023,105973,28144,,,0,1
266863,2025,156101,29788,,,0,1
256454,2000,108906,22960,,,0,1
195625,2002,688,27980,,,0,1
108986,2003,80013,18590,,,0,1
167431,2004,77971,26076,,,0,1
141430,2005,78810,28850,,,0,1
192154,2006,6281,23750,,,0,1
184209,2006,78619,21167,,,0,1
252348,2006,78599,,335,1,0,
164688,2006,156025,25574,,,0,1
171420,2007,79995,28814,,,0,1
84931,2007,6407,26413,,,0,1
14065,2008,79605,16831,,,0,1
296466,2009,360,16975,,,0,1
230736,2010,62963,18481,,,0,1
19999,2011,70533,17430,,,0,1
153245,2011,133540,25572,,,0,1
263865,2013,107753,24937,,,0,1
220302,2016,63324,23597,,,0,1
181690,2020,149662,21621,,,0,1
286837,2020,144680,26416,,,0,1
85952,2021,119758,,1316,1,0,
55660,2021,143092,22069,,,0,1
156674,2022,63246,19685,,,0,1
1642,2022,62959,27034,,,0,1
299383,2023,7689,16217,674,1,0,1
165515,2023,60,21056,,,0,1
41427,2023,155761,21798,,,0,1
252028,2024,73813,28965,,,0,1
8572,2025,140165,19831,,,0,1
2765,2025,151128,18138,,,0,1
144487,2025,35781,27413,,,0,1
278611,2001,119783,,975,1,0,
118413,2001,66515,17306,,,0,1
274131,2003,35597,22323,,,0,1
117018,2003,6499,21791,,,0,1
110167,2003,108855,21629,,,0,1
214882,2004,79393,,662,1,0,
190186,2005,106372,28340,,,0,1
158778,2007,188,17127,,,0,1
295506,2007,7626,98,1307,1,0,0
299107,2008,73571,23110,,,0,1
199945,2009,366,26299,,,0,1
66295,2009,66809,24476,,,0,1
281501,2009,107464,,777,1,0,
213471,2010,133814,28611,,,0,1
124375,2011,79033,26041,,,0,1
41192,2011,62541,25071,,,0,1
175072,2012,120014,17799,,,0,1
237694,2013,57164,19077,,,0,1
224667,2014,399,25405,,,0,1
141449,2014,70955,20834,,,0,1
121932,2015,66892,27586,,,0,1
137741,2016,63038,19807,,,0,1
76830,2016,78725,16674,,,0,1
223739,2016,6288,18517,,,0,1
288291,2019,79903,17138,,,0,1
51316,2019,155690,25747,,,0,1
211419,2019,106342,22244,,,0,1
281434,2021,143381,17257,,,0,1
159797,2021,381,27502,,,0,1
10943,2023,144618,22848,,,0,1
112984,2023,105916,,666,1,0,
173128,2024,369,22034,,,0,1
122878,2025,35380,16359,,,0,1
44998,2025,133318,18579,,,0,1
24375,2000,66994,28562,,,0,1
298542,2001,79043,28379,,,0,1
215079,2003,8437,23411,,,0,1
95240,2003,6909,29038,,,0,1
278047,2003,8339,19452,,,0,1
98786,2003,133645,25147,,,0,1
134000,2003,6362,26339,,,0,1
98676,2004,7760,356,97,1,0,0
90801,2005,106192,22849,,,0,1
216443,2008,62624,17340,,,0,1
152172,2011,107744,23146,,,0,1
188358,2011,125,19473,,,0,1
7145,2012,156063,29394,,,0,1
219582,2014,120084,20923,,,0,1
165545,2016,70412,28805,,,0,1
251737,2016,149263,17709,,,0,1
136240,2016,63643,28385,,,0,1
59539,2017,79446,,717,1,0,
78324,2019,70375,279,122,1,0,0
282530,2019,36027,4377,,,1,0
128964,2020,140454,28733,,,0,1
207720,2020,108753,27082,,,0,1
190125,2020,35203,,1077,1,0,
296214,2020,78053,29131,,,0,1
133762,2021,62819,27882,,,0,1
244775,2021,108960,25316,,,0,1
223817,2021,106406,24578,,,0,1
10324,2022,35145,,969,1,0,
223203,2024,78066,27657,,,0,1
266632,2024,151786,29185,,,0,1
26998,2024,77910,18541,,,0,1
63491,2000,12,,506,1,0,
287153,2001,108603,27536,,,0,1
150115,2001,63263,18990,,,0,1
286418,2002,35160,,438,1,0,
94226,2002,108613,18750,,,0,1
109737,2003,63057,18432,,,0,1
261010,2003,78630,18967,,,0,1
276259,2004,62995,26326,,,0,1
200339,2004,80093,29256,,,0,1
53322,2005,107552,19634,,,0,1
32573,2005,57191,28935,,,0,1
120342,2006,6577,17135,,,0,1
199936,2007,79741,29332,,,0,1
86572,2007,140092,21771,,,0,1
222123,2008,73671,23511,,,0,1
273427,2008,8434,29718,,,0,1
127228,2011,7652,156,91,1,0,0
16447,2011,66437,21307,,,0,1
29310,2012,108119,28394,,,0,1
178975,2012,155671,23018,,,0,1
166484,2012,62903,17452,,,0,1
238237,2013,35355,18776,,,0,1
194871,2013,106316,27939,,,0,1
15723,2013,6879,24920,,,0,1
254780,2015,133548,29382,,,0,1
202175,2017,149340,20344,,,0,1
8548,2017,62781,16951,,,0,1
188020,2018,520,30094,,,0,1
16233,2018,63168,29162,,,0,1
94363,2019,63235,19521,,,0,1
180756,2019,8288,26895,,,0,1
47505,2019,70994,23434,,,0,1
118158,2019,140235,22597,,,0,1
41023,2020,496,23213,,,0,1
294670,2020,139786,,701,1,0,
177664,2020,66453,17726,,,0,1
187867,2023,7944,23318,,,0,1
172787,2023,140272,18239,,,0,1
264771,2023,149599,24716,,,0,1
82203,2024,79832,18763,,,0,1
297993,2025,7587,16,1029,1,0,0
30405,2025,70891,25363,,,0,1
265240,2000,119707,,1328,1,0,
99520,2000,63177,25342,,,0,1
114354,2001,7847,19098,,,0,1
95654,2004,119933,21035,,,0,1
128387,2005,57029,18534,,,0,1
293226,2005,79579,17798,,,0,1
81360,2005,151535,26534,,,0,1
34156,2006,57601,29285,,,0,1
217201,2008,6371,27477,,,0,1
90216,2008,6205,,743,1,0,
134635,2011,143274,20427,,,0,1
149335,2011,78418,22362,,,0,1
30064,2011,149621,17104,,,0,1
233906,2012,73588,28667,,,0,1
157565,2012,70707,19232,,,0,1
161835,2013,66813,22094,,,0,1
139406,2013,63142,21326,,,0,1
256407,2014,79202,24572,,,0,1
58666,2015,142963,,764,1,0,
164591,2016,62957,23987,,,0,1
275789,2016,143578,28832,,,0,1
8506,2016,151150,29182,,,0,1
61095,2016,35619,23241,,,0,1
150248,2019,109187,28204,,,0,1
221610,2021,120261,25915,,,0,1
219619,2021,143494,25159,,,0,1
209175,2021,62480,47,0,1,0,0
172740,2021,73645,24247,,,0,1
203901,2022,133514,20583,,,0,1
294075,2023,66905,25146,,,0,1
91037,2023,140121,16820,,,0,1
262237,2023,106318,28100,,,0,1
259661,2024,152111,9084,,,1,0
73288,2024,140104,21373,,,0,1
158250,2025,120302,29069,,,0,1
150516,2025,67352,9152,,,1,0
160817,2025,143361,17132,,,0,1
26144,2025,120301,26893,,,0,1
252929,2001,105972,24072,,,0,1
8023,2001,62885,28384,,,0,1
73446,2004,149259,,749,1,0,
102084,2005,66750,23256,,,0,1
187587,2005,149416,16384,,,0,1
33984,2005,446,17475,,,0,1
170249,2005,74127,26105,,,0,1
91941,2007,6322,18493,,,0,1
237623,2007,70572,29102,,,0,1
275310,2008,6824,21507,,,0,1
29179,2010,149837,20779,,,0,1
203903,2011,35875,22238,,,0,1
241244,2011,36284,9986,,,0,1
123067,2011,62768,16779,,,0,1
166390,2012,71278,7875,,,0,1
3618,2013,155944,26431,,,0,1
227205,2013,7885,21121,,,0,1
177386,2013,106364,22625,,,0,1
112686,2015,62805,27079,,,0,1
168690,2015,120144,19663,,,0,1
162495,2015,57552,26371,,,0,1
7453,2016,140247,26527,,,0,1
246159,2016,196,16397,,,0,1
87692,2017,70563,28763,,,0,1
104698,2017,7631,102,65,1,0,0
197205,2019,6365,26438,,,0,1
283428,2020,247,24504,,,0,1
213049,2021,119847,22044,,,0,1
32139,2022,74829,15233,,,1,0
71225,2022,73653,25328,,,0,1
233668,2023,149298,18548,,,0,1
168417,2023,108784,18007,,,0,1
142877,2025,8133,26236,,,0,1
207672,2000,74162,21889,,,0,1
126349,2001,109135,28080,,,0,1
174192,2002,35471,18993,,,0,1
33978,2003,133711,20492,,,0,1
279004,2003,633,21792,,,0,1
144003,2004,149653,24737,,,0,1
151883,2005,80095,26639,,,0,1
146399,2005,77808,,432,1,0,
276638,2006,107497,19784,,,0,1
244700,2006,142975,,1224,1,0,
64855,2006,108088,23426,,,0,1
217431,2007,74026,28917,,,0,1
74290,2008,106407,18684,,,0,1
210082,2008,156149,29201,,,0,1
290380,2009,133202,25897,,,0,1
93729,2009,66612,18387,,,0,1
40089,2009,155646,21293,,,0,1
206585,2010,63027,,677,1,0,
66517,2010,149597,24698,,,0,1
144538,2011,133792,27111,,,0,1
49849,2012,155552,16766,,,0,1
136433,2013,7889,21101,,,0,1
28659,2013,70985,29469,,,0,1
264568,2014,144805,18044,,,0,1
239887,2018,73763,27591,,,0,1
174174,2018,133794,27490,,,0,1
203823,2018,155915,22432,,,0,1
151066,2020,70739,29224,,,0,1
173000,2021,78386,26849,,,0,1
93505,2021,35702,25673,,,0,1
134603,2022,119877,18500,,,0,1
16015,2022,73949,21553,,,0,1
88382,2022,73681,27495,,,0,1
120303,2024,63270,28668,,,0,1
50936,2024,120018,25879,,,0,1
234140,2024,6294,24441,,,0,1
220940,2025,74049,27417,,,0,1
289525,2025,35190,211,994,1,0,0
259282,2025,63139,24724,,,0,1
87826,2025,70550,27917,,,0,1
182073,2002,70573,27036,,,0,1
126810,2002,66631,28862,,,0,1
31106,2003,149873,22512,,,0,1
134746,2004,70970,21825,,,0,1
8489,2005,155525,17097,,,0,1
158,2005,155722,16582,,,0,1
154322,2007,35305,17650,,,0,1
154944,2007,107461,,458,1,0,
280579,2007,149397,29234,,,0,1
144780,2007,120186,22584,,,0,1
231127,2007,108844,22564,,,0,1
263821,2007,133662,25341,,,0,1
174302,2008,149240,142,2,1,0,0
140651,2010,79768,18077,,,0,1
143692,2010,119839,16592,,,0,1
86181,2011,133817,28881,,,0,1
285915,2011,133186,20773,,,0,1
254150,2011,119734,217,1009,1,0,0
182599,2012,149437,21143,,,0,1
136996,2014,79445,,1124,1,0,
81170,2015,78998,29241,,,0,1
97761,2015,63123,27204,,,0,1
78879,2016,35176,,147,1,0,
193181,2016,149759,18746,,,0,1
187841,2017,67009,22797,,,0,1
170250,2017,66930,26997,,,0,1
182747,2018,62553,17835,,,0,1
147765,2019,35239,,139,1,0,
259470,2019,340,20649,,,0,1
294441,2020,144663,21694,,,0,1
239961,2020,155887,22335,,,0,1
209699,2020,151304,17260,,,0,1
41350,2021,79630,23151,,,0,1
21835,2021,144673,26252,,,0,1
168251,2022,106238,22708,,,0,1
277245,2022,149582,22709,,,0,1
48795,2023,156051,26116,,,0,1
288468,2023,6390,16416,,,0,1
207133,2024,8671,7273,,,1,0
294999,2024,57699,28725,,,0,1
48597,2000,108006,1414,,,0,1
169767,2002,133562,23049,,,0,1
251271,2002,151540,17566,,,0,1
82498,2002,66820,26880,,,0,1
77124,2002,139910,19065,,,0,1
81823,2002,66434,27224,,,0,1
26569,2003,133585,22628,,,0,1
46157,2003,79927,24037,,,0,1
227551,2004,155663,23753,,,0,1
193214,2004,29,24141,,,0,1
51115,2006,106348,29859,,,0,1
208311,2006,144794,23159,,,0,1
87448,2006,79618,17034,,,0,1
14823,2007,108909,24226,,,0,1
126797,2008,78862,28641,,,0,1
47069,2011,133686,25669,,,0,1
248304,2011,107494,18802,,,0,1
13500,2011,79010,23000,,,0,1
24553,2012,73833,20542,,,0,1
211765,2012,143180,26321,,,0,1
98451,2013,78359,30067,,,0,1
232769,2013,78254,25890,,,0,1
98484,2013,70828,22854,,,0,1
234901,2013,35728,23374,,,0,1
77082,2015,149708,28174,,,0,1
122399,2017,120284,23520,,,0,1
193914,2018,63147,24385,,,0,1
122985,2018,73544,17609,759,1,0,1
111667,2018,140037,27241,,,0,1
56394,2020,120192,22690,,,0,1
286049,2021,57218,24032,,,0,1
21998,2022,105947,19533,,,0,1
262043,2022,143436,28027,,,0,1
86916,2022,140182,17142,,,0,1
215088,2022,57274,18008,,,0,1
166786,2023,659,29839,,,0,1
31602,2024,108308,6114,,,1,0
122377,2024,149845,20916,,,0,1
67368,2000,7637,114,80,1,0,0
240493,2000,63319,22361,,,0,1
41740,2001,119766,,1155,1,0,
241309,2001,79494,,1254,1,0,
239316,2001,119891,21450,,,0,1
78722,2002,108561,19775,,,0,1
170805,2002,149405,17615,,,0,1
287848,2004,7882,23586,,,0,1
268801,2004,139790,16241,217,1,0,1
163109,2006,151077,300,273,1,0,0
146494,2006,78855,28290,,,0,1
188759,2006,62980,18705,,,0,1
136041,2007,79,25196,,,0,1
37875,2007,133801,27936,,,0,1
65448,2007,73552,17654,,,0,1
65119,2007,149350,22588,,,0,1
92536,2009,133126,16902,578,1,0,1
108910,2009,141026,14143,,,0,1
184905,2009,155929,27590,,,0,1
63595,2009,79536,28143,,,0,1
117966,2014,107777,25051,,,0,1
193342,2015,151454,21105,,,0,1
140621,2016,63300,21356,,,0,1
18758,2016,144983,27883,,,0,1
124733,2018,78727,27062,,,0,1
254996,2018,133132,,231,1,0,
50431,2019,63301,18623,,,0,1
297165,2019,66711,19673,,,0,1
235393,2020,35606,20334,,,0,1
170290,2021,151227,20609,,,0,1
282003,2022,119790,,740,1,0,
215662,2023,151788,29293,,,0,1
36017,2024,155995,25089,,,0,1
132347,2024,35347,22128,,,0,1
240252,2001,156070,20937,,,0,1
176170,2002,140198,24672,,,0,1
126809,2002,73725,22481,,,0,1
258587,2003,35864,21362,,,0,1
207032,2003,120662,6259,,,0,1
159561,2003,107832,25978,,,0,1
57818,2003,107934,29248,,,0,1
106748,2005,6495,21779,,,0,1
226547,2005,149392,20430,,,0,1
119931,2006,6440,25809,,,0,1
152522,2008,143139,18986,,,0,1
139324,2008,133736,28284,,,0,1
50857,2008,65,18870,,,0,1
123494,2009,133122,18923,737,1,0,1
34619,2009,66691,18606,,,0,1
187504,2010,63600,22559,,,0,1
163441,2011,378,17066,,,0,1
48395,2011,106215,21335,,,0,1
146072,2012,569,25383,,,0,1
113202,2013,57326,16750,,,0,1
103639,2014,139798,,454,1,0,
31145,2014,7762,,1049,1,0,
261464,2014,63122,18325,,,0,1
57047,2014,67005,29470,,,0,1
15025,2017,140194,25996,,,0,1
80737,2018,143351,22493,,,0,1
4018,2019,140117,22031,,,0,1
119919,2020,140406,22372,,,0,1
271194,2020,120055,19527,,,0,1
67759,2020,149692,18045,,,0,1
231511,2021,155526,19704,,,0,1
223127,2022,8419,22210,,,0,1
185760,2023,78275,23188,,,0,1
242461,2024,144639,20546,,,0,1
35132,2024,57056,17738,,,0,1
269019,2025,35524,22418,,,0,1
57523,2025,107635,17982,,,0,1
95342,2025,70762,17265,,,0,1
126390,2025,78198,26257,,,0,1
83904,2000,78402,27654,,,0,1
171243,2000,7916,22162,,,0,1
27962,2001,106341,22769,,,0,1
28781,2002,109609,11040,,,0,1
244812,2002,50,18274,,,0,1
16924,2003,144812,28171,,,0,1
230137,2003,133629,24356,,,0,1
206660,2003,120123,20858,,,0,1
169649,2003,144810,18206,,,0,1
237238,2004,120316,27215,,,0,1
225251,2005,133188,24826,,,0,1
162692,2006,106046,16361,,,0,1
75176,2007,77975,27916,,,0,1
244355,2007,57425,24500,,,0,1
52147,2007,156113,24919,,,0,1
216730,2007,66626,21409,,,0,1
63989,2008,77883,16826,,,0,1
193480,2009,120045,23901,,,0,1
295532,2009,8008,17850,,,0,1
202697,2010,6433,29902,,,0,1
76539,2010,77905,23080,,,0,1
89911,2011,73986,29838,,,0,1
254930,2011,155941,29913,,,0,1
176711,2013,178,20654,,,0,1
234410,2013,133269,21088,,,0,1
275195,2014,151590,27190,,,0,1
137940,2014,66482,21228,,,0,1
256716,2015,119941,20356,,,0,1
278633,2016,7690,23128,171,1,0,1
123805,2016,7932,27531,,,0,1
81730,2017,143409,26161,,,0,1
233407,2019,66762,22755,,,0,1
229663,2019,149357,21814,,,0,1
205495,2024,149570,20885,,,0,1
93635,2024,80021,24062,,,0,1
41632,2025,6259,17684,,,0,1
218554,2025,107601,28835,,,0,1
166510,2000,151093,24294,,,0,1
280930,2001,6626,21619,,,0,1
267743,2002,8460,28013,,,0,1
243744,2002,66366,72,320,1,0,0
184736,2003,70806,22456,,,0,1
170044,2003,144651,16799,,,0,1
132447,2003,78740,18529,,,0,1
285713,2004,78816,18999,,,0,1
177269,2004,140072,19567,,,0,1
49463,2005,78602,16284,,,0,1
75133,2005,143341,27923,,,0,1
100853,2005,144692,19565,,,0,1
203778,2006,108704,30120,,,0,1
53264,2007,143352,25101,,,0,1
141541,2009,63194,18611,,,0,1
188848,2011,109163,29834,,,0,1
213720,2011,62833,28097,,,0,1
216432,2012,106180,20663,,,0,1
175379,2014,8283,26891,,,0,1
288018,2015,140352,19873,,,0,1
182288,2016,62513,27800,,,0,1
257306,2018,79546,26631,,,0,1
14939,2018,139846,16916,,,0,1
19477,2018,155702,20370,,,0,1
238735,2018,66733,26950,,,0,1
132175,2018,485,26305,,,0,1
297374,2019,66702,23878,,,0,1
110294,2019,133505,20400,,,0,1
87073,2019,151080,,769,1,0,
124484,2020,35792,24358,,,0,1
278209,2020,79031,27476,,,0,1
296505,2021,35270,16251,,,0,1
53986,2022,62536,17768,,,0,1
171753,2022,78835,27308,,,0,1
68162,2023,143545,20528,,,0,1
18588,2023,6827,28003,,,0,1
184370,2024,108837,30015,,,0,1
65178,2025,120431,28963,,,0,1
83931,2001,79674,19568,,,0,1
4509,2001,139872,17714,,,0,1
188444,2001,108061,28563,,,0,1
44354,2002,120376,25670,,,0,1
111979,2002,35335,25484,,,0,1
212905,2003,62757,16649,,,0,1
74387,2003,73639,25814,,,0,1
203697,2004,156071,27482,,,0,1
138105,2007,106326,29096,,,0,1
202070,2007,35742,23917,,,0,1
118331,2007,133216,18724,,,0,1
140529,2007,140196,20557,,,0,1
60557,2008,143385,26910,,,0,1
58565,2009,7660,171,1086,1,0,0
212392,2011,73997,26962,,,0,1
212690,2011,78022,19742,,,0,1
220130,2012,62937,23470,,,0,1
100290,2012,149798,19846,,,0,1
253216,2013,63331,16998,,,0,1
211608,2013,149634,23242,,,0,1
77189,2015,140392,21645,,,0,1
270349,2015,35407,22736,,,0,1
113874,2016,73756,25270,,,0,1
296936,2016,155521,23401,,,0,1
28799,2016,144477,24104,,,0,1
91210,2017,151588,24084,,,0,1
94067,2017,70362,,123,1,0,
60484,2017,119857,16338,,,0,1
1671,2018,8295,18487,,,0,1
66959,2018,143216,16541,,,0,1
103320,2018,66697,24259,,,0,1
238760,2020,79742,19583,,,0,1
141303,2021,62689,24743,,,0,1
179621,2021,133584,23519,,,0,1
131114,2022,106036,21403,,,0,1
252096,2022,149857,28331,,,0,1
224349,2022,142976,263,258,1,0,0
149659,2025,54,18953,,,0,1
17303,2000,62789,19091,,,0,1
135863,2000,35614,22886,,,0,1
159584,2000,120256,17470,,,0,1
93996,2000,133563,23054,,,0,1
211971,2001,6588,23731,,,0,1
248055,2002,151197,19629,,,0,1
263701,2002,7709,16682,157,1,0,0
218166,2002,63190,20660,,,0,1
182300,2003,105944,19099,,,0,1
220413,2004,57441,17295,,,0,1
31898,2005,35170,160,1131,1,0,0
270913,2005,79876,23193,,,0,1
29099,2006,77956,24711,,,0,1
222104,2007,63488,23895,,,0,1
229125,2008,133327,28846,,,0,1
276675,2010,66925,25371,,,0,1
33922,2010,108041,27396,,,0,1
154757,2010,133306,26367,,,0,1
260297,2010,140271,26361,,,0,1
107493,2011,156088,29313,,,0,1
267727,2012,151528,22647,,,0,1
8690,2012,139952,29491,,,0,1
254542,2013,6255,20138,,,0,1
140217,2014,144442,26986,,,0,1
177281,2014,57327,24211,,,0,1
252173,2015,63288,28944,,,0,1
235525,2015,8151,27050,,,0,1
53505,2018,151479,17181,,,0,1
3824,2018,62642,24283,,,0,1
86544,2019,57559,28908,,,0,1
251344,2019,6446,22100,,,0,1
5383,2022,73929,24911,,,0,1
106626,2022,78180,29520,,,0,1
297402,2024,35604,24102,,,0,1
31147,2024,149922,29387,,,0,1
229632,2001,106130,16506,,,0,1
176998,2002,133170,21474,,,0,1
211250,2003,140255,28743,,,0,1
18181,2005,108929,29738,,,0,1
283473,2006,6382,28478,,,0,1
201521,2007,119768,327,1126,1,0,0
48550,2007,133185,19876,,,0,1
228386,2009,149551,18472,,,0,1
208361,2009,63195,17459,,,0,1
182869,2011,36021,4264,,,1,0
55098,2013,,296,855,1,,0
263558,2013,62918,26491,,,0,1
208450,2013,63101,19171,,,0,1
13404,2015,149355,21419,,,0,1
181351,2015,7966,17896,,,0,1
230253,2015,144350,,204,1,0,
133087,2016,106026,27787,,,0,1
278273,2017,78060,16596,,,0,1
269330,2017,6313,26013,,,0,1
278492,2017,149400,23142,,,0,1
195998,2019,108859,21672,,,0,1
132140,2019,63264,20282,,,0,1
67009,2020,107967,19361,,,0,1
214145,2021,107536,23381,,,0,1
218011,2021,106203,29917,,,0,1
16162,2021,8383,26160,,,0,1
47553,2022,6558,21112,,,0,1
95796,2022,106250,19333,,,0,1
155271,2023,143613,26590,,,0,1
205165,2023,143073,19208,,,0,1
208800,2024,143435,27464,,,0,1
284681,2024,107890,28890,,,0,1
148578,2024,6835,28569,,,0,1
260075,2025,63438,26757,,,0,1
86371,2002,108690,19219,,,0,1
246336,2003,35410,20657,,,0,1
72055,2004,151509,28408,,,0,1
71902,2004,140362,20001,,,0,1
38766,2005,578,25421,,,0,1
110099,2006,78127,19151,,,0,1
213412,2008,143015,17442,,,0,1
214224,2009,149906,28188,,,0,1
25016,2010,140336,28994,,,0,1
203001,2012,8248,22460,,,0,1
295804,2012,143060,18677,,,0,1
250337,2012,66913,25227,,,0,1
25557,2013,66979,20964,,,0,1
267040,2013,78302,18669,,,0,1
295271,2014,70639,600,,,0,1
160309,2015,106204,30112,,,0,1
284650,2015,78352,27196,,,0,1
139836,2016,78831,18285,,,0,1
43643,2016,151136,18842,,,0,1
203959,2017,156097,22945,,,0,1
55742,2017,108921,20163,,,0,1
158677,2018,80005,24127,,,0,1
157191,2019,144962,22563,,,0,1
289946,2019,57254,25418,,,0,1
275563,2020,151327,17545,,,0,1
182544,2021,73575,18046,,,0,1
287667,2021,79705,28115,,,0,1
110028,2022,133766,29604,,,0,1
181823,2024,139938,16632,,,0,1
13181,2024,108891,22903,,,0,1
256221,2024,35265,17333,,,0,1
255691,2025,144963,29610,,,0,1
14727,2025,70501,26674,,,0,1
77473,2000,107816,20398,,,0,1
14306,2000,62659,24809,,,0,1
250139,2002,70916,19942,,,0,1
110741,2002,63329,24092,,,0,1
160908,2003,143141,16713,,,0,1
235884,2003,78802,20377,,,0,1
11881,2004,35769,18583,,,0,1
73718,2004,78605,24071,,,0,1
189185,2005,6681,28864,,,0,1
32495,2009,78872,16782,,,0,1
164635,2009,57011,,350,1,0,
236269,2010,108813,20070,,,0,1
222273,2011,78739,17705,,,0,1
255172,2011,8476,2425,,,1,0
6204,2012,144417,17900,,,0,1
267996,2012,70820,29166,,,0,1
109955,2013,57618,20914,,,0,1
48230,2013,62587,27808,,,0,1
135702,2014,79397,,1097,1,0,
290852,2015,144383,28258,,,0,1
278040,2015,107889,22463,,,0,1
42631,2017,7831,24276,,,0,1
85133,2017,184,21206,,,0,1
230338,2017,107708,28643,,,0,1
26384,2018,143524,20036,,,0,1
178972,2019,62662,29255,,,0,1
262227,2021,73688,18312,,,0,1
291118,2022,653,22786,,,0,1
32819,2024,70795,25444,,,0,1
31661,2024,105887,16230,427,1,0,1
23469,2025,119732,,1384,1,0,
292716,2025,74063,25026,,,0,1
270992,2025,120226,20759,,,0,1
76046,2000,140432,23424,,,0,1
103272,2000,57475,26851,,,0,1
289380,2002,6664,26244,,,0,1
246205,2002,109177,27844,,,0,1
225057,2003,140319,25065,,,0,1
214837,2003,108567,25714,,,0,1
299941,2004,140327,26382,,,0,1
137777,2007,6512,24435,,,0,1
272594,2008,267,25447,,,0,1
111365,2008,139861,24315,,,0,1
62577,2011,151426,22805,,,0,1
201218,2012,78977,27655,,,0,1
271382,2012,62559,16434,,,0,1
213690,2012,63428,17478,,,0,1
253481,2013,66545,18163,,,0,1
24709,2013,120070,19956,,,0,1
161024,2015,63733,4277,,,1,0
105431,2015,77949,26636,,,0,1
39830,2015,120406,29884,,,0,1
249849,2016,63450,18094,,,0,1
78005,2017,6608,17289,,,0,1
166378,2017,106006,19017,,,0,1
69744,2019,79052,28620,,,0,1
265069,2020,108000,27479,,,0,1
284849,2021,73924,23761,,,0,1
93231,2021,79644,19967,,,0,1
66497,2021,140378,20801,,,0,1
105717,2022,62693,16494,,,0,1
209046,2022,140284,27093,,,0,1
154332,2023,57072,17892,,,0,1
95485,2025,107813,25058,,,0,1
269643,2025,106353,23200,,,0,1
53360,2000,120005,21292,,,0,1
37952,2003,66921,25361,,,0,1
259953,2003,108687,16920,,,0,1
299189,2003,6364,17612,,,0,1
43206,2003,63391,25964,,,0,1
147398,2005,133743,22215,,,0,1
3942,2008,151613,24575,,,0,1
78239,2008,63523,25292,,,0,1
160320,2009,139813,,210,1,0,
59276,2009,57661,29800,,,0,1
204753,2010,79531,17464,,,0,1
106851,2010,35156,,985,1,0,
218595,2011,144717,24525,,,0,1
245743,2011,79641,26915,,,0,1
226822,2011,63186,16382,,,0,1
119880,2012,107742,19669,,,0,1
76965,2013,66375,,442,1,0,
294115,2013,35220,,682,1,0,
210421,2013,149588,22189,,,0,1
257346,2014,6302,20249,,,0,1
270739,2014,57053,22188,,,0,1
67526,2014,144919,26123,,,0,1
158394,2014,120109,20664,,,0,1
110206,2015,140188,25639,,,0,1
60315,2016,57205,18790,,,0,1
188765,2016,133440,21280,,,0,1
1206,2018,120324,18591,,,0,1
255095,2019,108537,,828,1,0,
236689,2019,6808,29448,,,0,1
215106,2019,70491,26443,,,0,1
159174,2022,63019,,484,1,0,
163849,2023,144640,642,,,1,0
234434,2023,57334,19370,,,0,1
130043,2001,73661,16905,,,0,1
113198,2001,63515,28117,,,0,1
210264,2001,143373,29987,,,0,1
191515,2001,133677,25601,,,0,1
79082,2003,149637,29992,,,0,1
202619,2004,8473,28907,,,0,1
108296,2004,70724,22515,,,0,1
54893,2005,151559,26170,,,0,1
11848,2005,62787,18941,,,0,1
36156,2007,108767,16507,,,0,1
43794,2008,57239,23480,,,0,1
34083,2009,120267,23104,,,0,1
225570,2010,109019,23340,,,0,1
168934,2013,70813,18120,,,0,1
259189,2014,151584,27088,,,0,1
157962,2016,78103,24491,,,0,1
239484,2017,74209,27875,,,0,1
264948,2018,144766,25489,,,0,1
3669,2019,120034,25722,,,0,1
56197,2019,57304,27615,,,0,1
109525,2019,35468,28055,,,0,1
72933,2020,143609,24867,,,0,1
208235,2020,57366,26054,,,0,1
74080,2022,120444,30078,,,0,1
118202,2023,155537,17812,,,0,1
84779,2023,108851,19649,,,0,1
158639,2025,35481,24656,,,0,1
25984,2025,140335,19416,,,0,1
49237,2000,144593,18385,,,0,1
197484,2001,109027,29986,,,0,1
103282,2003,119836,27971,,,0,1
220506,2003,79431,146,1140,1,0,0
164817,2003,155751,22823,,,0,1
166164,2003,139867,22648,,,0,1
118626,2004,7840,17769,,,0,1
176409,2005,66640,18006,,,0,1
111284,2006,139828,,540,1,0,
290992,2006,66777,24413,,,0,1
52488,2007,143069,24774,,,0,1
196896,2007,8257,18130,,,0,1
206992,2007,149567,24652,,,0,1
39547,2008,108065,22225,,,0,1
29329,2009,57221,29625,,,0,1
140399,2009,105912,,714,1,0,
205571,2009,133222,24734,,,0,1
12220,2011,144790,26720,,,0,1
283367,2012,108424,8861,,,1,0
247865,2014,108053,21741,,,0,1
218068,2015,62660,24647,,,0,1
174248,2017,108957,22090,,,0,1
185155,2017,57285,18413,,,0,1
99319,2018,70754,24599,,,0,1
294766,2018,58038,10275,,,1,0
96762,2021,131,29617,,,0,1
196512,2021,80142,29365,,,0,1
157031,2022,120203,24089,,,0,1
284108,2022,139993,26657,,,0,1
173708,2023,507,24134,,,0,1
20820,2023,63556,28416,,,0,1
250866,2023,155875,21510,,,0,1
175957,2024,74094,25412,,,0,1
159952,2024,106128,28934,,,0,1
74529,2025,62761,21342,,,0,1
128018,2025,77876,17413,,,0,1
99145,2025,144988,28072,,,0,1
199115,2000,149729,29331,,,0,1
137216,2001,143101,16898,,,0,1
166352,2001,35744,23020,,,0,1
264876,2003,139833,17056,1258,1,0,1
212028,2003,57584,25780,,,0,1
293936,2003,107689,27726,,,0,1
217442,2004,8364,28228,,,0,1
24942,2004,82,17343,,,0,1
270511,2004,149535,29188,,,0,1
63638,2004,133345,20309,,,0,1
239745,2006,456,21983,,,0,1
160198,2009,183,19532,,,0,1
205709,2009,63179,28320,,,0,1
98094,2009,140273,18240,,,0,1
190279,2011,71067,3168,,,0,1
169550,2012,43,17790,,,0,1
226286,2012,73764,16522,,,0,1
22407,2012,461,26522,,,0,1
273263,2013,119864,17747,,,0,1
52931,2013,149830,20536,,,0,1
2359,2014,78763,24087,,,0,1
265691,2014,80078,20006,,,0,1
97409,2014,133454,19290,,,0,1
133524,2015,79015,28441,,,0,1
130624,2016,79632,16350,,,0,1
151661,2016,70515,16661,,,0,1
214905,2017,73621,16317,,,0,1
246721,2018,133326,18814,,,0,1
1583,2018,70862,24452,,,0,1
112970,2019,121,23113,,,0,1
210330,2019,6458,25602,,,0,1
279869,2019,144577,26297,,,0,1
48759,2019,57378,27122,,,0,1
62942,2020,143098,25125,,,0,1
195014,2020,78975,26309,,,0,1
186050,2021,80073,19943,,,0,1
12070,2021,149319,24446,,,0,1
103765,2021,8403,29970,,,0,1
196817,2022,35182,183,598,1,0,0
87496,2022,66654,26965,,,0,1
117774,2024,105926,23192,,,0,1
148149,2024,66771,23035,,,0,1
42243,2025,149460,19128,,,0,1
263659,2001,119921,26233,,,0,1
52278,2001,151338,25271,,,0,1
73473,2002,133697,28741,,,0,1
266630,2003,6338,16521,,,0,1
261934,2004,35439,18894,,,0,1
187554,2005,144571,28584,,,0,1
229056,2006,63568,20523,,,0,1
229839,2006,107646,24074,,,0,1
282192,2007,107535,18394,,,0,1
127548,2007,73892,17065,,,0,1
154830,2007,149735,29736,,,0,1
114990,2009,209,17256,,,0,1
269298,2009,149786,19482,,,0,1
252040,2009,78276,26740,,,0,1
204364,2009,144432,21136,,,0,1
107532,2009,157,20342,,,0,1
142935,2010,63506,27754,,,0,1
116580,2010,151261,24469,,,0,1
21792,2012,144412,21032,,,0,1
227975,2012,80758,14997,,,1,0
36087,2012,143599,29961,,,0,1
70211,2013,57674,27538,,,0,1
76597,2013,151280,21509,,,0,1
133480,2014,35272,16450,,,0,1
97943,2014,108886,27170,,,0,1
14986,2014,149314,22834,,,0,1
272221,2014,6438,24992,,,0,1
116193,2015,144685,17029,,,0,1
102947,2015,77877,24245,,,0,1
224866,2016,7853,19554,,,0,1
211093,2016,139958,27347,,,0,1
118481,2016,78745,18610,,,0,1
173931,2021,57578,19872,,,0,1
68130,2025,79683,29833,,,0,1
